index,bookings_cumm,day,next,bookings_daily,flag,ID,state,gender,returning_cust,ticket_type,discount,sail_date,RRP,booking_date,purchased_price,capacity
0,7,-365,0,7,1,Ship1,TAS,M,No,Interior_Bow,0.33,23/11/2023,600,23/11/2022,599.67,1000
0,7,-365,0,8,1,Ship1,VIC,M,No,Balcony_Mid,0.05,23/11/2023,650,23/11/2022,649.95,1000
0,7,-365,0,9,1,Ship1,TAS,M,No,MiniSuites_Bow,0.18,23/11/2023,2700,23/11/2022,2699.82,1000
0,7,-365,0,10,1,Ship1,WA,M,No,MiniSuites_Aft,0.01,23/11/2023,2600,23/11/2022,2599.99,1000
0,7,-365,0,11,1,Ship1,VIC,M,No,OceanView_Bow,0.12,23/11/2023,2100,23/11/2022,2099.88,1000
0,7,-365,0,12,1,Ship1,SA,M,Yes,Balcony_Aft,0.18,23/11/2023,700,23/11/2022,699.82,1000
0,7,-365,0,13,1,Ship1,NSW,F,No,Interior_Aft,0.14,23/11/2023,550,23/11/2022,549.86,1000
4,8,-361,7,1,1,Ship1,ACT,F,Yes,MiniSuites_Bow,0.36,23/11/2023,2700,27/11/2022,2699.64,1000
8,9,-357,8,1,1,Ship1,QLD,F,No,OceanView_Bow,0.33,23/11/2023,2100,1/12/2022,2099.67,1000
11,10,-354,9,1,1,Ship1,NSW,M,No,Balcony_Bow,0.11,23/11/2023,750,4/12/2022,749.89,1000
14,11,-351,10,1,1,Ship1,ACT,M,No,OceanView_Bow,0.12,23/11/2023,2100,7/12/2022,2099.88,1000
17,12,-348,11,1,1,Ship1,NT,M,No,Interior_Mid,0.02,23/11/2023,500,10/12/2022,499.98,1000
20,13,-345,12,1,1,Ship1,NT,M,No,Balcony_Bow,0.25,23/11/2023,750,13/12/2022,749.75,1000
22,14,-343,13,1,1,Ship1,TAS,M,No,MiniSuites_Aft,0.02,23/11/2023,2600,15/12/2022,2599.98,1000
24,15,-341,14,1,1,Ship1,SA,F,No,Interior_Mid,0.22,23/11/2023,500,17/12/2022,499.78,1000
26,16,-339,15,1,1,Ship1,VIC,M,No,Balcony_Aft,0.12,23/11/2023,700,19/12/2022,699.88,1000
28,17,-337,16,1,1,Ship1,TAS,M,Yes,OceanView_Mid,0.01,23/11/2023,1500,21/12/2022,1499.99,1000
30,18,-335,17,1,1,Ship1,VIC,M,Yes,OceanView_Aft,0.36,23/11/2023,1800,23/12/2022,1799.64,1000
32,19,-333,18,1,1,Ship1,ACT,F,No,Balcony_Mid,0.28,23/11/2023,650,25/12/2022,649.72,1000
33,20,-332,19,1,1,Ship1,QLD,M,No,Interior_Bow,0.03,23/11/2023,600,26/12/2022,599.97,1000
35,21,-330,20,1,1,Ship1,ACT,M,No,OceanView_Mid,0.22,23/11/2023,1500,28/12/2022,1499.78,1000
36,22,-329,21,1,1,Ship1,NT,M,Yes,Interior_Mid,0.11,23/11/2023,500,29/12/2022,499.89,1000
38,23,-327,22,1,1,Ship1,NT,M,No,OceanView_Mid,0.23,23/11/2023,1500,31/12/2022,1499.77,1000
39,24,-326,23,1,1,Ship1,NT,M,Yes,Interior_Mid,0,23/11/2023,500,1/1/2023,500,1000
40,25,-325,24,1,1,Ship1,TAS,F,No,Balcony_Aft,0.31,23/11/2023,700,2/1/2023,699.69,1000
42,26,-323,25,1,1,Ship1,SA,M,No,OceanView_Bow,0.19,23/11/2023,2100,4/1/2023,2099.81,1000
43,27,-322,26,1,1,Ship1,VIC,F,No,Interior_Aft,0.11,23/11/2023,550,5/1/2023,549.89,1000
44,28,-321,27,1,1,Ship1,NT,M,No,OceanView_Aft,0.28,23/11/2023,1800,6/1/2023,1799.72,1000
45,29,-320,28,1,1,Ship1,WA,M,No,OceanView_Bow,0.32,23/11/2023,2100,7/1/2023,2099.68,1000
46,30,-319,29,1,1,Ship1,ACT,F,Yes,Balcony_Aft,0.1,23/11/2023,700,8/1/2023,699.9,1000
47,31,-318,30,1,1,Ship1,TAS,F,No,OceanView_Mid,0.24,23/11/2023,1500,9/1/2023,1499.76,1000
48,32,-317,31,1,1,Ship1,NSW,F,No,MiniSuites_Mid,0.09,23/11/2023,2500,10/1/2023,2499.91,1000
49,33,-316,32,1,1,Ship1,VIC,F,Yes,Balcony_Mid,0.19,23/11/2023,650,11/1/2023,649.81,1000
50,34,-315,33,1,1,Ship1,NT,M,No,OceanView_Bow,0.1,23/11/2023,2100,12/1/2023,2099.9,1000
51,35,-314,34,1,1,Ship1,NT,M,No,Interior_Aft,0.02,23/11/2023,550,13/1/2023,549.98,1000
52,36,-313,35,1,1,Ship1,ACT,M,Yes,OceanView_Aft,0.21,23/11/2023,1800,14/1/2023,1799.79,1000
53,37,-312,36,1,1,Ship1,TAS,F,No,Interior_Mid,0.22,23/11/2023,500,15/1/2023,499.78,1000
54,38,-311,37,1,1,Ship1,NSW,F,No,Interior_Aft,0.02,23/11/2023,550,16/1/2023,549.98,1000
55,40,-310,38,2,1,Ship1,SA,F,Yes,OceanView_Bow,0.03,23/11/2023,2100,17/1/2023,2099.97,1000
55,40,-310,38,3,1,Ship1,NSW,F,Yes,Suites_Mid,0.28,23/11/2023,900,17/1/2023,899.72,1000
56,41,-309,40,1,1,Ship1,NSW,M,Yes,MiniSuites_Bow,0.05,23/11/2023,2700,18/1/2023,2699.95,1000
57,42,-308,41,1,1,Ship1,SA,F,No,Interior_Bow,0.3,23/11/2023,600,19/1/2023,599.7,1000
58,43,-307,42,1,1,Ship1,VIC,F,No,OceanView_Aft,0.05,23/11/2023,1800,20/1/2023,1799.95,1000
59,45,-306,43,2,1,Ship1,NSW,F,No,Balcony_Bow,0.34,23/11/2023,750,21/1/2023,749.66,1000
59,45,-306,43,3,1,Ship1,ACT,M,Yes,Balcony_Bow,0.35,23/11/2023,750,21/1/2023,749.65,1000
60,46,-305,45,1,1,Ship1,VIC,F,Yes,Balcony_Aft,0.18,23/11/2023,700,22/1/2023,699.82,1000
61,48,-304,46,2,1,Ship1,TAS,F,Yes,PenthouseSuites_Aft,0.08,23/11/2023,3500,23/1/2023,3499.92,1000
61,48,-304,46,3,1,Ship1,ACT,M,No,MiniSuites_Aft,0.32,23/11/2023,2600,23/1/2023,2599.68,1000
62,49,-303,48,1,1,Ship1,WA,M,Yes,Interior_Mid,0.16,23/11/2023,500,24/1/2023,499.84,1000
63,51,-302,49,2,1,Ship1,NT,M,Yes,Balcony_Aft,0.16,23/11/2023,700,25/1/2023,699.84,1000
63,51,-302,49,3,1,Ship1,VIC,M,No,Interior_Bow,0.32,23/11/2023,600,25/1/2023,599.68,1000
64,52,-301,51,1,1,Ship1,TAS,F,No,Interior_Mid,0.15,23/11/2023,500,26/1/2023,499.85,1000
65,54,-300,52,2,1,Ship1,WA,M,No,Interior_Aft,0.29,23/11/2023,550,27/1/2023,549.71,1000
65,54,-300,52,3,1,Ship1,TAS,F,Yes,Interior_Bow,0.23,23/11/2023,600,27/1/2023,599.77,1000
66,56,-299,54,2,1,Ship1,TAS,M,No,OceanView_Aft,0.04,23/11/2023,1800,28/1/2023,1799.96,1000
66,56,-299,54,3,1,Ship1,NSW,M,No,OceanView_Aft,0.24,23/11/2023,1800,28/1/2023,1799.76,1000
67,58,-298,56,2,1,Ship1,SA,F,Yes,Suites_Mid,0.08,23/11/2023,900,29/1/2023,899.92,1000
67,58,-298,56,3,1,Ship1,NSW,M,No,Suites_Aft,0.14,23/11/2023,1000,29/1/2023,999.86,1000
68,59,-297,58,1,1,Ship1,TAS,F,No,Interior_Aft,0.28,23/11/2023,550,30/1/2023,549.72,1000
69,61,-296,59,2,1,Ship1,TAS,M,No,Suites_Aft,0.22,23/11/2023,1000,31/1/2023,999.78,1000
69,61,-296,59,3,1,Ship1,WA,M,No,Balcony_Aft,0.18,23/11/2023,700,31/1/2023,699.82,1000
70,63,-295,61,2,1,Ship1,TAS,F,No,Balcony_Aft,0.19,23/11/2023,700,1/2/2023,699.81,1000
70,63,-295,61,3,1,Ship1,TAS,F,No,Balcony_Aft,0.12,23/11/2023,700,1/2/2023,699.88,1000
71,65,-294,63,2,1,Ship1,WA,F,No,Balcony_Bow,0.28,23/11/2023,750,2/2/2023,749.72,1000
71,65,-294,63,3,1,Ship1,VIC,M,Yes,OceanView_Aft,0,23/11/2023,1800,2/2/2023,1800,1000
72,67,-293,65,2,1,Ship1,NT,M,Yes,Interior_Bow,0.2,23/11/2023,600,3/2/2023,599.8,1000
72,67,-293,65,3,1,Ship1,SA,F,Yes,Interior_Aft,0.24,23/11/2023,550,3/2/2023,549.76,1000
73,69,-292,67,2,1,Ship1,VIC,M,Yes,Balcony_Aft,0.13,23/11/2023,700,4/2/2023,699.87,1000
73,69,-292,67,3,1,Ship1,VIC,M,No,Interior_Bow,0.22,23/11/2023,600,4/2/2023,599.78,1000
74,71,-291,69,2,1,Ship1,ACT,M,No,OceanView_Bow,0.25,23/11/2023,2100,5/2/2023,2099.75,1000
74,71,-291,69,3,1,Ship1,NSW,F,No,Interior_Aft,0.32,23/11/2023,550,5/2/2023,549.68,1000
75,74,-290,71,3,1,Ship1,QLD,M,Yes,MiniSuites_Aft,0.07,23/11/2023,2600,6/2/2023,2599.93,1000
75,74,-290,71,4,1,Ship1,SA,M,No,Balcony_Bow,0.01,23/11/2023,750,6/2/2023,749.99,1000
75,74,-290,71,5,1,Ship1,SA,M,No,MiniSuites_Mid,0.02,23/11/2023,2500,6/2/2023,2499.98,1000
76,76,-289,74,2,1,Ship1,NSW,M,No,Interior_Bow,0.06,23/11/2023,600,7/2/2023,599.94,1000
76,76,-289,74,3,1,Ship1,QLD,M,No,OceanView_Aft,0.39,23/11/2023,1800,7/2/2023,1799.61,1000
77,78,-288,76,2,1,Ship1,TAS,M,No,Interior_Mid,0.19,23/11/2023,500,8/2/2023,499.81,1000
77,78,-288,76,3,1,Ship1,TAS,M,No,MiniSuites_Bow,0.13,23/11/2023,2700,8/2/2023,2699.87,1000
78,81,-287,78,3,1,Ship1,ACT,M,Yes,MiniSuites_Bow,0.37,23/11/2023,2700,9/2/2023,2699.63,1000
78,81,-287,78,4,1,Ship1,ACT,F,No,Interior_Mid,0.29,23/11/2023,500,9/2/2023,499.71,1000
78,81,-287,78,5,1,Ship1,VIC,F,No,Balcony_Mid,0.03,23/11/2023,650,9/2/2023,649.97,1000
79,83,-286,81,2,1,Ship1,NT,M,No,Interior_Bow,0.21,23/11/2023,600,10/2/2023,599.79,1000
79,83,-286,81,3,1,Ship1,VIC,F,No,Interior_Bow,0.03,23/11/2023,600,10/2/2023,599.97,1000
80,86,-285,83,3,1,Ship1,TAS,M,No,Interior_Mid,0.05,23/11/2023,500,11/2/2023,499.95,1000
80,86,-285,83,4,1,Ship1,QLD,F,No,Interior_Mid,0.31,23/11/2023,500,11/2/2023,499.69,1000
80,86,-285,83,5,1,Ship1,QLD,M,No,Interior_Mid,0.28,23/11/2023,500,11/2/2023,499.72,1000
81,88,-284,86,2,1,Ship1,WA,M,No,Interior_Aft,0.28,23/11/2023,550,12/2/2023,549.72,1000
81,88,-284,86,3,1,Ship1,VIC,F,Yes,Interior_Aft,0.25,23/11/2023,550,12/2/2023,549.75,1000
82,91,-283,88,3,1,Ship1,NT,F,No,Balcony_Mid,0,23/11/2023,650,13/2/2023,650,1000
82,91,-283,88,4,1,Ship1,NT,F,No,OceanView_Bow,0.23,23/11/2023,2100,13/2/2023,2099.77,1000
82,91,-283,88,5,1,Ship1,ACT,F,No,PenthouseSuites_Aft,0.15,23/11/2023,3500,13/2/2023,3499.85,1000
83,94,-282,91,3,1,Ship1,NT,M,No,Balcony_Mid,0.2,23/11/2023,650,14/2/2023,649.8,1000
83,94,-282,91,4,1,Ship1,TAS,M,No,MiniSuites_Bow,0.16,23/11/2023,2700,14/2/2023,2699.84,1000
83,94,-282,91,5,1,Ship1,SA,M,No,Balcony_Bow,0.24,23/11/2023,750,14/2/2023,749.76,1000
84,97,-281,94,3,1,Ship1,VIC,M,No,Balcony_Aft,0.35,23/11/2023,700,15/2/2023,699.65,1000
84,97,-281,94,4,1,Ship1,SA,M,Yes,Interior_Aft,0.27,23/11/2023,550,15/2/2023,549.73,1000
84,97,-281,94,5,1,Ship1,NT,F,Yes,Suites_Aft,0.05,23/11/2023,1000,15/2/2023,999.95,1000
85,99,-280,97,2,1,Ship1,SA,M,No,Interior_Mid,0.2,23/11/2023,500,16/2/2023,499.8,1000
85,99,-280,97,3,1,Ship1,NT,F,No,Interior_Mid,0.06,23/11/2023,500,16/2/2023,499.94,1000
86,102,-279,99,3,1,Ship1,ACT,F,Yes,PenthouseSuites_Bow,0.12,23/11/2023,4000,17/2/2023,3999.88,1000
86,102,-279,99,4,1,Ship1,VIC,F,No,OceanView_Mid,0.06,23/11/2023,1500,17/2/2023,1499.94,1000
86,102,-279,99,5,1,Ship1,TAS,M,No,Balcony_Mid,0.18,23/11/2023,650,17/2/2023,649.82,1000
87,105,-278,102,3,1,Ship1,NT,M,No,Interior_Aft,0.34,23/11/2023,550,18/2/2023,549.66,1000
87,105,-278,102,4,1,Ship1,ACT,M,No,PenthouseSuites_Aft,0.14,23/11/2023,3500,18/2/2023,3499.86,1000
87,105,-278,102,5,1,Ship1,VIC,M,Yes,Interior_Mid,0,23/11/2023,500,18/2/2023,500,1000
88,109,-277,105,4,1,Ship1,ACT,M,No,Balcony_Bow,0.05,23/11/2023,750,19/2/2023,749.95,1000
88,109,-277,105,5,1,Ship1,WA,F,Yes,Interior_Mid,0.02,23/11/2023,500,19/2/2023,499.98,1000
88,109,-277,105,6,1,Ship1,TAS,M,No,OceanView_Mid,0.17,23/11/2023,1500,19/2/2023,1499.83,1000
88,109,-277,105,7,1,Ship1,QLD,F,No,OceanView_Bow,0.14,23/11/2023,2100,19/2/2023,2099.86,1000
89,112,-276,109,3,1,Ship1,ACT,F,No,Balcony_Aft,0.09,23/11/2023,700,20/2/2023,699.91,1000
89,112,-276,109,4,1,Ship1,WA,M,Yes,Balcony_Mid,0.03,23/11/2023,650,20/2/2023,649.97,1000
89,112,-276,109,5,1,Ship1,WA,M,Yes,Interior_Bow,0.31,23/11/2023,600,20/2/2023,599.69,1000
90,115,-275,112,3,1,Ship1,SA,F,No,PenthouseSuites_Bow,0.38,23/11/2023,4000,21/2/2023,3999.62,1000
90,115,-275,112,4,1,Ship1,SA,F,Yes,Interior_Aft,0.02,23/11/2023,550,21/2/2023,549.98,1000
90,115,-275,112,5,1,Ship1,NSW,M,No,OceanView_Bow,0.34,23/11/2023,2100,21/2/2023,2099.66,1000
91,119,-274,115,4,1,Ship1,WA,M,No,MiniSuites_Mid,0.15,23/11/2023,2500,22/2/2023,2499.85,1000
91,119,-274,115,5,1,Ship1,VIC,M,No,OceanView_Mid,0.23,23/11/2023,1500,22/2/2023,1499.77,1000
91,119,-274,115,6,1,Ship1,TAS,M,No,OceanView_Mid,0.02,23/11/2023,1500,22/2/2023,1499.98,1000
91,119,-274,115,7,1,Ship1,NSW,M,No,Balcony_Bow,0.16,23/11/2023,750,22/2/2023,749.84,1000
92,122,-273,119,3,1,Ship1,QLD,M,Yes,Balcony_Aft,0.11,23/11/2023,700,23/2/2023,699.89,1000
92,122,-273,119,4,1,Ship1,QLD,M,No,MiniSuites_Aft,0.27,23/11/2023,2600,23/2/2023,2599.73,1000
92,122,-273,119,5,1,Ship1,TAS,M,No,Balcony_Aft,0.16,23/11/2023,700,23/2/2023,699.84,1000
93,126,-272,122,4,1,Ship1,SA,M,Yes,OceanView_Bow,0.19,23/11/2023,2100,24/2/2023,2099.81,1000
93,126,-272,122,5,1,Ship1,SA,F,No,MiniSuites_Mid,0.36,23/11/2023,2500,24/2/2023,2499.64,1000
93,126,-272,122,6,1,Ship1,ACT,F,No,OceanView_Aft,0.22,23/11/2023,1800,24/2/2023,1799.78,1000
93,126,-272,122,7,1,Ship1,ACT,M,No,OceanView_Bow,0.33,23/11/2023,2100,24/2/2023,2099.67,1000
94,129,-271,126,3,1,Ship1,ACT,M,No,Interior_Bow,0.27,23/11/2023,600,25/2/2023,599.73,1000
94,129,-271,126,4,1,Ship1,WA,M,Yes,Suites_Mid,0.37,23/11/2023,900,25/2/2023,899.63,1000
94,129,-271,126,5,1,Ship1,QLD,F,No,Balcony_Mid,0.05,23/11/2023,650,25/2/2023,649.95,1000
95,133,-270,129,4,1,Ship1,TAS,M,Yes,Balcony_Mid,0.13,23/11/2023,650,26/2/2023,649.87,1000
95,133,-270,129,5,1,Ship1,TAS,M,No,MiniSuites_Aft,0.25,23/11/2023,2600,26/2/2023,2599.75,1000
95,133,-270,129,6,1,Ship1,TAS,M,No,MiniSuites_Bow,0.31,23/11/2023,2700,26/2/2023,2699.69,1000
95,133,-270,129,7,1,Ship1,WA,M,No,MiniSuites_Mid,0.02,23/11/2023,2500,26/2/2023,2499.98,1000
96,137,-269,133,4,1,Ship1,QLD,M,Yes,Suites_Bow,0,23/11/2023,1100,27/2/2023,1100,1000
96,137,-269,133,5,1,Ship1,NSW,M,Yes,MiniSuites_Mid,0.11,23/11/2023,2500,27/2/2023,2499.89,1000
96,137,-269,133,6,1,Ship1,WA,M,No,MiniSuites_Aft,0.09,23/11/2023,2600,27/2/2023,2599.91,1000
96,137,-269,133,7,1,Ship1,WA,F,No,Balcony_Aft,0.12,23/11/2023,700,27/2/2023,699.88,1000
97,141,-268,137,4,1,Ship1,TAS,F,Yes,Interior_Mid,0.04,23/11/2023,500,28/2/2023,499.96,1000
97,141,-268,137,5,1,Ship1,ACT,F,Yes,Suites_Bow,0.28,23/11/2023,1100,28/2/2023,1099.72,1000
97,141,-268,137,6,1,Ship1,WA,M,No,OceanView_Mid,0.09,23/11/2023,1500,28/2/2023,1499.91,1000
97,141,-268,137,7,1,Ship1,VIC,M,No,MiniSuites_Aft,0.2,23/11/2023,2600,28/2/2023,2599.8,1000
98,145,-267,141,4,1,Ship1,VIC,M,No,Balcony_Aft,0.21,23/11/2023,700,1/3/2023,699.79,1000
98,145,-267,141,5,1,Ship1,ACT,M,No,Balcony_Bow,0.16,23/11/2023,750,1/3/2023,749.84,1000
98,145,-267,141,6,1,Ship1,NT,M,No,OceanView_Bow,0,23/11/2023,2100,1/3/2023,2100,1000
98,145,-267,141,7,1,Ship1,NT,M,No,OceanView_Bow,0.14,23/11/2023,2100,1/3/2023,2099.86,1000
99,149,-266,145,4,1,Ship1,TAS,M,Yes,Interior_Mid,0.36,23/11/2023,500,2/3/2023,499.64,1000
99,149,-266,145,5,1,Ship1,NT,M,No,MiniSuites_Bow,0.35,23/11/2023,2700,2/3/2023,2699.65,1000
99,149,-266,145,6,1,Ship1,NT,F,No,OceanView_Mid,0.27,23/11/2023,1500,2/3/2023,1499.73,1000
99,149,-266,145,7,1,Ship1,QLD,M,No,OceanView_Mid,0.07,23/11/2023,1500,2/3/2023,1499.93,1000
100,153,-265,149,4,1,Ship1,QLD,M,No,Balcony_Aft,0.22,23/11/2023,700,3/3/2023,699.78,1000
100,153,-265,149,5,1,Ship1,NSW,M,No,MiniSuites_Mid,0.35,23/11/2023,2500,3/3/2023,2499.65,1000
100,153,-265,149,6,1,Ship1,SA,M,No,Interior_Bow,0.2,23/11/2023,600,3/3/2023,599.8,1000
100,153,-265,149,7,1,Ship1,NT,M,No,Balcony_Aft,0.29,23/11/2023,700,3/3/2023,699.71,1000
101,157,-264,153,4,1,Ship1,TAS,M,Yes,Balcony_Aft,0.21,23/11/2023,700,4/3/2023,699.79,1000
101,157,-264,153,5,1,Ship1,VIC,M,No,OceanView_Bow,0.26,23/11/2023,2100,4/3/2023,2099.74,1000
101,157,-264,153,6,1,Ship1,TAS,M,No,Balcony_Bow,0.09,23/11/2023,750,4/3/2023,749.91,1000
101,157,-264,153,7,1,Ship1,QLD,M,Yes,Suites_Aft,0.09,23/11/2023,1000,4/3/2023,999.91,1000
102,162,-263,157,5,1,Ship1,QLD,M,No,Interior_Mid,0.31,23/11/2023,500,5/3/2023,499.69,1000
102,162,-263,157,6,1,Ship1,VIC,F,No,Balcony_Bow,0.1,23/11/2023,750,5/3/2023,749.9,1000
102,162,-263,157,7,1,Ship1,ACT,M,No,MiniSuites_Bow,0.01,23/11/2023,2700,5/3/2023,2699.99,1000
102,162,-263,157,8,1,Ship1,TAS,M,No,Interior_Bow,0.12,23/11/2023,600,5/3/2023,599.88,1000
102,162,-263,157,9,1,Ship1,WA,M,Yes,Interior_Mid,0.15,23/11/2023,500,5/3/2023,499.85,1000
103,166,-262,162,4,1,Ship1,NSW,M,No,MiniSuites_Bow,0.24,23/11/2023,2700,6/3/2023,2699.76,1000
103,166,-262,162,5,1,Ship1,SA,M,No,Balcony_Mid,0.35,23/11/2023,650,6/3/2023,649.65,1000
103,166,-262,162,6,1,Ship1,NT,M,No,OceanView_Aft,0.32,23/11/2023,1800,6/3/2023,1799.68,1000
103,166,-262,162,7,1,Ship1,QLD,F,Yes,Interior_Mid,0.35,23/11/2023,500,6/3/2023,499.65,1000
104,171,-261,166,5,1,Ship1,NSW,M,No,MiniSuites_Bow,0.2,23/11/2023,2700,7/3/2023,2699.8,1000
104,171,-261,166,6,1,Ship1,QLD,M,No,OceanView_Aft,0.31,23/11/2023,1800,7/3/2023,1799.69,1000
104,171,-261,166,7,1,Ship1,ACT,M,Yes,Balcony_Aft,0.08,23/11/2023,700,7/3/2023,699.92,1000
104,171,-261,166,8,1,Ship1,SA,M,No,Balcony_Aft,0.19,23/11/2023,700,7/3/2023,699.81,1000
104,171,-261,166,9,1,Ship1,QLD,M,Yes,OceanView_Bow,0.16,23/11/2023,2100,7/3/2023,2099.84,1000
105,176,-260,171,5,1,Ship1,QLD,F,No,OceanView_Aft,0.21,23/11/2023,1800,8/3/2023,1799.79,1000
105,176,-260,171,6,1,Ship1,VIC,M,Yes,Interior_Aft,0.3,23/11/2023,550,8/3/2023,549.7,1000
105,176,-260,171,7,1,Ship1,WA,M,No,Balcony_Bow,0.19,23/11/2023,750,8/3/2023,749.81,1000
105,176,-260,171,8,1,Ship1,NSW,F,Yes,Interior_Aft,0.29,23/11/2023,550,8/3/2023,549.71,1000
105,176,-260,171,9,1,Ship1,VIC,F,Yes,Balcony_Mid,0.05,23/11/2023,650,8/3/2023,649.95,1000
106,181,-259,176,5,1,Ship1,QLD,M,No,OceanView_Aft,0.15,23/11/2023,1800,9/3/2023,1799.85,1000
106,181,-259,176,6,1,Ship1,QLD,M,No,Suites_Aft,0.29,23/11/2023,1000,9/3/2023,999.71,1000
106,181,-259,176,7,1,Ship1,QLD,M,No,MiniSuites_Aft,0.32,23/11/2023,2600,9/3/2023,2599.68,1000
106,181,-259,176,8,1,Ship1,ACT,M,No,OceanView_Mid,0.35,23/11/2023,1500,9/3/2023,1499.65,1000
106,181,-259,176,9,1,Ship1,ACT,F,No,Balcony_Bow,0.15,23/11/2023,750,9/3/2023,749.85,1000
107,185,-258,181,4,1,Ship1,WA,M,No,Balcony_Aft,0.03,23/11/2023,700,10/3/2023,699.97,1000
107,185,-258,181,5,1,Ship1,NT,M,Yes,Interior_Bow,0.01,23/11/2023,600,10/3/2023,599.99,1000
107,185,-258,181,6,1,Ship1,ACT,M,No,OceanView_Mid,0.32,23/11/2023,1500,10/3/2023,1499.68,1000
107,185,-258,181,7,1,Ship1,NT,M,No,Interior_Aft,0.38,23/11/2023,550,10/3/2023,549.62,1000
108,190,-257,185,5,1,Ship1,NSW,F,Yes,Interior_Aft,0.36,23/11/2023,550,11/3/2023,549.64,1000
108,190,-257,185,6,1,Ship1,QLD,M,No,Interior_Bow,0.19,23/11/2023,600,11/3/2023,599.81,1000
108,190,-257,185,7,1,Ship1,VIC,M,Yes,MiniSuites_Aft,0.24,23/11/2023,2600,11/3/2023,2599.76,1000
108,190,-257,185,8,1,Ship1,VIC,F,Yes,MiniSuites_Aft,0.15,23/11/2023,2600,11/3/2023,2599.85,1000
108,190,-257,185,9,1,Ship1,NSW,M,No,OceanView_Aft,0.01,23/11/2023,1800,11/3/2023,1799.99,1000
109,196,-256,190,6,1,Ship1,WA,M,No,MiniSuites_Aft,0.34,23/11/2023,2600,12/3/2023,2599.66,1000
109,196,-256,190,7,1,Ship1,WA,F,No,Balcony_Aft,0.14,23/11/2023,700,12/3/2023,699.86,1000
109,196,-256,190,8,1,Ship1,SA,F,No,Balcony_Bow,0.39,23/11/2023,750,12/3/2023,749.61,1000
109,196,-256,190,9,1,Ship1,NSW,F,No,Balcony_Bow,0.06,23/11/2023,750,12/3/2023,749.94,1000
109,196,-256,190,10,1,Ship1,NT,F,No,OceanView_Bow,0.33,23/11/2023,2100,12/3/2023,2099.67,1000
109,196,-256,190,11,1,Ship1,TAS,M,No,OceanView_Aft,0.1,23/11/2023,1800,12/3/2023,1799.9,1000
110,201,-255,196,5,1,Ship1,TAS,F,No,Interior_Bow,0.06,23/11/2023,600,13/3/2023,599.94,1000
110,201,-255,196,6,1,Ship1,NSW,F,Yes,OceanView_Mid,0.08,23/11/2023,1500,13/3/2023,1499.92,1000
110,201,-255,196,7,1,Ship1,NSW,F,No,Balcony_Aft,0.21,23/11/2023,700,13/3/2023,699.79,1000
110,201,-255,196,8,1,Ship1,QLD,M,Yes,Balcony_Aft,0.17,23/11/2023,700,13/3/2023,699.83,1000
110,201,-255,196,9,1,Ship1,SA,F,No,PenthouseSuites_Aft,0.06,23/11/2023,3500,13/3/2023,3499.94,1000
111,206,-254,201,5,1,Ship1,NSW,M,No,Interior_Bow,0.02,23/11/2023,600,14/3/2023,599.98,1000
111,206,-254,201,6,1,Ship1,WA,F,No,OceanView_Mid,0.29,23/11/2023,1500,14/3/2023,1499.71,1000
111,206,-254,201,7,1,Ship1,ACT,M,No,MiniSuites_Mid,0.38,23/11/2023,2500,14/3/2023,2499.62,1000
111,206,-254,201,8,1,Ship1,SA,F,No,OceanView_Bow,0.29,23/11/2023,2100,14/3/2023,2099.71,1000
111,206,-254,201,9,1,Ship1,NSW,M,No,Interior_Aft,0.31,23/11/2023,550,14/3/2023,549.69,1000
112,212,-253,206,6,1,Ship1,WA,M,Yes,Suites_Bow,0.15,23/11/2023,1100,15/3/2023,1099.85,1000
112,212,-253,206,7,1,Ship1,NSW,F,Yes,Balcony_Bow,0.19,23/11/2023,750,15/3/2023,749.81,1000
112,212,-253,206,8,1,Ship1,TAS,F,Yes,OceanView_Aft,0.39,23/11/2023,1800,15/3/2023,1799.61,1000
112,212,-253,206,9,1,Ship1,SA,M,Yes,MiniSuites_Mid,0.18,23/11/2023,2500,15/3/2023,2499.82,1000
112,212,-253,206,10,1,Ship1,QLD,M,No,OceanView_Mid,0.1,23/11/2023,1500,15/3/2023,1499.9,1000
112,212,-253,206,11,1,Ship1,SA,M,No,Suites_Mid,0.13,23/11/2023,900,15/3/2023,899.87,1000
113,217,-252,212,5,1,Ship1,SA,F,No,OceanView_Aft,0.38,23/11/2023,1800,16/3/2023,1799.62,1000
113,217,-252,212,6,1,Ship1,QLD,M,No,OceanView_Bow,0.2,23/11/2023,2100,16/3/2023,2099.8,1000
113,217,-252,212,7,1,Ship1,SA,F,No,Balcony_Aft,0.18,23/11/2023,700,16/3/2023,699.82,1000
113,217,-252,212,8,1,Ship1,TAS,M,No,Interior_Bow,0.16,23/11/2023,600,16/3/2023,599.84,1000
113,217,-252,212,9,1,Ship1,SA,F,No,Balcony_Mid,0.17,23/11/2023,650,16/3/2023,649.83,1000
114,223,-251,217,6,1,Ship1,WA,F,No,Balcony_Mid,0.18,23/11/2023,650,17/3/2023,649.82,1000
114,223,-251,217,7,1,Ship1,QLD,M,No,Balcony_Bow,0.05,23/11/2023,750,17/3/2023,749.95,1000
114,223,-251,217,8,1,Ship1,VIC,M,No,Interior_Bow,0.37,23/11/2023,600,17/3/2023,599.63,1000
114,223,-251,217,9,1,Ship1,NT,M,No,OceanView_Aft,0.29,23/11/2023,1800,17/3/2023,1799.71,1000
114,223,-251,217,10,1,Ship1,WA,M,Yes,Balcony_Mid,0.37,23/11/2023,650,17/3/2023,649.63,1000
114,223,-251,217,11,1,Ship1,WA,M,Yes,MiniSuites_Mid,0.21,23/11/2023,2500,17/3/2023,2499.79,1000
115,229,-250,223,6,1,Ship1,NSW,F,Yes,OceanView_Mid,0.3,23/11/2023,1500,18/3/2023,1499.7,1000
115,229,-250,223,7,1,Ship1,ACT,F,No,OceanView_Aft,0,23/11/2023,1800,18/3/2023,1800,1000
115,229,-250,223,8,1,Ship1,TAS,M,No,Interior_Bow,0.27,23/11/2023,600,18/3/2023,599.73,1000
115,229,-250,223,9,1,Ship1,QLD,M,No,OceanView_Mid,0.1,23/11/2023,1500,18/3/2023,1499.9,1000
115,229,-250,223,10,1,Ship1,QLD,M,Yes,OceanView_Aft,0.28,23/11/2023,1800,18/3/2023,1799.72,1000
115,229,-250,223,11,1,Ship1,NT,M,Yes,Interior_Bow,0.12,23/11/2023,600,18/3/2023,599.88,1000
116,234,-249,229,5,1,Ship1,WA,F,Yes,Balcony_Aft,0.37,23/11/2023,700,19/3/2023,699.63,1000
116,234,-249,229,6,1,Ship1,ACT,F,No,OceanView_Bow,0.39,23/11/2023,2100,19/3/2023,2099.61,1000
116,234,-249,229,7,1,Ship1,VIC,M,No,Interior_Bow,0.19,23/11/2023,600,19/3/2023,599.81,1000
116,234,-249,229,8,1,Ship1,NSW,M,No,MiniSuites_Bow,0.37,23/11/2023,2700,19/3/2023,2699.63,1000
116,234,-249,229,9,1,Ship1,VIC,M,Yes,OceanView_Aft,0.09,23/11/2023,1800,19/3/2023,1799.91,1000
117,240,-248,234,6,1,Ship1,QLD,M,Yes,Suites_Aft,0.06,23/11/2023,1000,20/3/2023,999.94,1000
117,240,-248,234,7,1,Ship1,NSW,M,No,Balcony_Aft,0.24,23/11/2023,700,20/3/2023,699.76,1000
117,240,-248,234,8,1,Ship1,SA,F,Yes,Balcony_Aft,0.17,23/11/2023,700,20/3/2023,699.83,1000
117,240,-248,234,9,1,Ship1,QLD,F,No,Interior_Aft,0.22,23/11/2023,550,20/3/2023,549.78,1000
117,240,-248,234,10,1,Ship1,SA,M,No,Interior_Mid,0.21,23/11/2023,500,20/3/2023,499.79,1000
117,240,-248,234,11,1,Ship1,NSW,F,Yes,Balcony_Aft,0.22,23/11/2023,700,20/3/2023,699.78,1000
118,246,-247,240,6,1,Ship1,TAS,F,No,MiniSuites_Aft,0.07,23/11/2023,2600,21/3/2023,2599.93,1000
118,246,-247,240,7,1,Ship1,WA,F,No,OceanView_Aft,0.01,23/11/2023,1800,21/3/2023,1799.99,1000
118,246,-247,240,8,1,Ship1,NT,M,No,MiniSuites_Mid,0.34,23/11/2023,2500,21/3/2023,2499.66,1000
118,246,-247,240,9,1,Ship1,VIC,M,Yes,Interior_Bow,0.08,23/11/2023,600,21/3/2023,599.92,1000
118,246,-247,240,10,1,Ship1,VIC,M,No,Interior_Mid,0.09,23/11/2023,500,21/3/2023,499.91,1000
118,246,-247,240,11,1,Ship1,NT,M,Yes,MiniSuites_Mid,0.08,23/11/2023,2500,21/3/2023,2499.92,1000
119,253,-246,246,7,1,Ship1,TAS,M,No,OceanView_Bow,0.04,23/11/2023,2100,22/3/2023,2099.96,1000
119,253,-246,246,8,1,Ship1,QLD,M,No,MiniSuites_Aft,0.05,23/11/2023,2600,22/3/2023,2599.95,1000
119,253,-246,246,9,1,Ship1,WA,M,No,Balcony_Aft,0.2,23/11/2023,700,22/3/2023,699.8,1000
119,253,-246,246,10,1,Ship1,ACT,F,No,OceanView_Bow,0.39,23/11/2023,2100,22/3/2023,2099.61,1000
119,253,-246,246,11,1,Ship1,ACT,M,No,Balcony_Mid,0.21,23/11/2023,650,22/3/2023,649.79,1000
119,253,-246,246,12,1,Ship1,VIC,M,No,Interior_Bow,0.29,23/11/2023,600,22/3/2023,599.71,1000
119,253,-246,246,13,1,Ship1,ACT,F,No,Suites_Bow,0.18,23/11/2023,1100,22/3/2023,1099.82,1000
120,259,-245,253,6,1,Ship1,NSW,M,No,Balcony_Bow,0.09,23/11/2023,750,23/3/2023,749.91,1000
120,259,-245,253,7,1,Ship1,TAS,F,No,Interior_Aft,0.27,23/11/2023,550,23/3/2023,549.73,1000
120,259,-245,253,8,1,Ship1,SA,F,No,Balcony_Aft,0.21,23/11/2023,700,23/3/2023,699.79,1000
120,259,-245,253,9,1,Ship1,NSW,M,No,Suites_Aft,0.18,23/11/2023,1000,23/3/2023,999.82,1000
120,259,-245,253,10,1,Ship1,WA,M,No,OceanView_Mid,0.13,23/11/2023,1500,23/3/2023,1499.87,1000
120,259,-245,253,11,1,Ship1,SA,F,No,OceanView_Bow,0.34,23/11/2023,2100,23/3/2023,2099.66,1000
121,265,-244,259,6,1,Ship1,NSW,M,Yes,Interior_Mid,0.14,23/11/2023,500,24/3/2023,499.86,1000
121,265,-244,259,7,1,Ship1,SA,F,Yes,Balcony_Bow,0.18,23/11/2023,750,24/3/2023,749.82,1000
121,265,-244,259,8,1,Ship1,VIC,F,No,MiniSuites_Mid,0.1,23/11/2023,2500,24/3/2023,2499.9,1000
121,265,-244,259,9,1,Ship1,ACT,M,No,Interior_Mid,0.36,23/11/2023,500,24/3/2023,499.64,1000
121,265,-244,259,10,1,Ship1,VIC,M,No,OceanView_Mid,0.26,23/11/2023,1500,24/3/2023,1499.74,1000
121,265,-244,259,11,1,Ship1,NT,M,Yes,OceanView_Mid,0.31,23/11/2023,1500,24/3/2023,1499.69,1000
122,272,-243,265,7,1,Ship1,TAS,M,Yes,MiniSuites_Mid,0.05,23/11/2023,2500,25/3/2023,2499.95,1000
122,272,-243,265,8,1,Ship1,VIC,M,No,OceanView_Mid,0.38,23/11/2023,1500,25/3/2023,1499.62,1000
122,272,-243,265,9,1,Ship1,NT,M,No,Balcony_Bow,0.13,23/11/2023,750,25/3/2023,749.87,1000
122,272,-243,265,10,1,Ship1,VIC,M,No,Balcony_Bow,0.04,23/11/2023,750,25/3/2023,749.96,1000
122,272,-243,265,11,1,Ship1,SA,M,No,Balcony_Bow,0.11,23/11/2023,750,25/3/2023,749.89,1000
122,272,-243,265,12,1,Ship1,VIC,M,Yes,Balcony_Mid,0,23/11/2023,650,25/3/2023,650,1000
122,272,-243,265,13,1,Ship1,NT,M,No,Interior_Bow,0.25,23/11/2023,600,25/3/2023,599.75,1000
123,278,-242,272,6,1,Ship1,WA,F,Yes,Interior_Aft,0.36,23/11/2023,550,26/3/2023,549.64,1000
123,278,-242,272,7,1,Ship1,SA,M,No,Interior_Bow,0.3,23/11/2023,600,26/3/2023,599.7,1000
123,278,-242,272,8,1,Ship1,SA,M,No,Balcony_Bow,0.02,23/11/2023,750,26/3/2023,749.98,1000
123,278,-242,272,9,1,Ship1,WA,M,Yes,Interior_Mid,0.26,23/11/2023,500,26/3/2023,499.74,1000
123,278,-242,272,10,1,Ship1,QLD,M,No,Balcony_Mid,0.09,23/11/2023,650,26/3/2023,649.91,1000
123,278,-242,272,11,1,Ship1,QLD,F,No,Interior_Aft,0.13,23/11/2023,550,26/3/2023,549.87,1000
124,285,-241,278,7,1,Ship1,NSW,M,No,Interior_Aft,0.24,23/11/2023,550,27/3/2023,549.76,1000
124,285,-241,278,8,1,Ship1,QLD,M,No,Balcony_Aft,0.23,23/11/2023,700,27/3/2023,699.77,1000
124,285,-241,278,9,1,Ship1,WA,M,Yes,MiniSuites_Mid,0.18,23/11/2023,2500,27/3/2023,2499.82,1000
124,285,-241,278,10,1,Ship1,WA,F,Yes,MiniSuites_Mid,0.12,23/11/2023,2500,27/3/2023,2499.88,1000
124,285,-241,278,11,1,Ship1,WA,M,No,OceanView_Aft,0.3,23/11/2023,1800,27/3/2023,1799.7,1000
124,285,-241,278,12,1,Ship1,TAS,F,No,MiniSuites_Bow,0.02,23/11/2023,2700,27/3/2023,2699.98,1000
124,285,-241,278,13,1,Ship1,NT,M,Yes,OceanView_Bow,0.07,23/11/2023,2100,27/3/2023,2099.93,1000
125,292,-240,285,7,1,Ship1,TAS,M,Yes,Interior_Bow,0.32,23/11/2023,600,28/3/2023,599.68,1000
125,292,-240,285,8,1,Ship1,TAS,M,Yes,MiniSuites_Bow,0.29,23/11/2023,2700,28/3/2023,2699.71,1000
125,292,-240,285,9,1,Ship1,WA,M,No,OceanView_Bow,0.3,23/11/2023,2100,28/3/2023,2099.7,1000
125,292,-240,285,10,1,Ship1,VIC,M,Yes,Balcony_Bow,0.23,23/11/2023,750,28/3/2023,749.77,1000
125,292,-240,285,11,1,Ship1,NT,F,No,OceanView_Bow,0.35,23/11/2023,2100,28/3/2023,2099.65,1000
125,292,-240,285,12,1,Ship1,QLD,F,No,Balcony_Mid,0.25,23/11/2023,650,28/3/2023,649.75,1000
125,292,-240,285,13,1,Ship1,NT,F,No,OceanView_Bow,0.07,23/11/2023,2100,28/3/2023,2099.93,1000
126,298,-239,292,6,1,Ship1,QLD,F,No,Balcony_Bow,0.06,23/11/2023,750,29/3/2023,749.94,1000
126,298,-239,292,7,1,Ship1,VIC,M,No,MiniSuites_Aft,0.01,23/11/2023,2600,29/3/2023,2599.99,1000
126,298,-239,292,8,1,Ship1,SA,M,Yes,Interior_Aft,0.1,23/11/2023,550,29/3/2023,549.9,1000
126,298,-239,292,9,1,Ship1,SA,F,No,MiniSuites_Aft,0.15,23/11/2023,2600,29/3/2023,2599.85,1000
126,298,-239,292,10,1,Ship1,SA,M,Yes,Suites_Aft,0.37,23/11/2023,1000,29/3/2023,999.63,1000
126,298,-239,292,11,1,Ship1,QLD,M,No,Interior_Mid,0.13,23/11/2023,500,29/3/2023,499.87,1000
127,305,-238,298,7,1,Ship1,VIC,F,Yes,Balcony_Mid,0.02,23/11/2023,650,30/3/2023,649.98,1000
127,305,-238,298,8,1,Ship1,NT,M,No,OceanView_Mid,0.01,23/11/2023,1500,30/3/2023,1499.99,1000
127,305,-238,298,9,1,Ship1,QLD,M,No,Interior_Aft,0.15,23/11/2023,550,30/3/2023,549.85,1000
127,305,-238,298,10,1,Ship1,SA,M,Yes,OceanView_Aft,0.23,23/11/2023,1800,30/3/2023,1799.77,1000
127,305,-238,298,11,1,Ship1,TAS,F,No,OceanView_Mid,0.37,23/11/2023,1500,30/3/2023,1499.63,1000
127,305,-238,298,12,1,Ship1,QLD,F,No,Interior_Aft,0.04,23/11/2023,550,30/3/2023,549.96,1000
127,305,-238,298,13,1,Ship1,WA,M,Yes,OceanView_Mid,0,23/11/2023,1500,30/3/2023,1500,1000
128,312,-237,305,7,1,Ship1,SA,F,No,MiniSuites_Aft,0.2,23/11/2023,2600,31/3/2023,2599.8,1000
128,312,-237,305,8,1,Ship1,VIC,M,No,Balcony_Mid,0.17,23/11/2023,650,31/3/2023,649.83,1000
128,312,-237,305,9,1,Ship1,NT,M,No,Balcony_Bow,0.3,23/11/2023,750,31/3/2023,749.7,1000
128,312,-237,305,10,1,Ship1,QLD,F,No,OceanView_Bow,0.28,23/11/2023,2100,31/3/2023,2099.72,1000
128,312,-237,305,11,1,Ship1,QLD,F,Yes,Balcony_Mid,0.17,23/11/2023,650,31/3/2023,649.83,1000
128,312,-237,305,12,1,Ship1,QLD,M,No,Balcony_Aft,0.27,23/11/2023,700,31/3/2023,699.73,1000
128,312,-237,305,13,1,Ship1,WA,M,No,Balcony_Aft,0.33,23/11/2023,700,31/3/2023,699.67,1000
129,320,-236,312,8,1,Ship1,VIC,M,No,Suites_Aft,0.23,23/11/2023,1000,1/4/2023,999.77,1000
129,320,-236,312,9,1,Ship1,VIC,M,No,OceanView_Aft,0.35,23/11/2023,1800,1/4/2023,1799.65,1000
129,320,-236,312,10,1,Ship1,VIC,M,Yes,OceanView_Mid,0.2,23/11/2023,1500,1/4/2023,1499.8,1000
129,320,-236,312,11,1,Ship1,NT,F,No,OceanView_Bow,0.32,23/11/2023,2100,1/4/2023,2099.68,1000
129,320,-236,312,12,1,Ship1,NSW,M,Yes,Balcony_Bow,0.05,23/11/2023,750,1/4/2023,749.95,1000
129,320,-236,312,13,1,Ship1,NT,F,No,Interior_Bow,0.38,23/11/2023,600,1/4/2023,599.62,1000
129,320,-236,312,14,1,Ship1,NT,F,No,Interior_Aft,0.15,23/11/2023,550,1/4/2023,549.85,1000
129,320,-236,312,15,1,Ship1,WA,F,No,Interior_Aft,0.35,23/11/2023,550,1/4/2023,549.65,1000
130,327,-235,320,7,1,Ship1,SA,F,Yes,OceanView_Aft,0.21,23/11/2023,1800,2/4/2023,1799.79,1000
130,327,-235,320,8,1,Ship1,WA,M,No,OceanView_Mid,0.33,23/11/2023,1500,2/4/2023,1499.67,1000
130,327,-235,320,9,1,Ship1,QLD,M,Yes,Balcony_Aft,0.11,23/11/2023,700,2/4/2023,699.89,1000
130,327,-235,320,10,1,Ship1,NSW,M,No,Balcony_Aft,0.21,23/11/2023,700,2/4/2023,699.79,1000
130,327,-235,320,11,1,Ship1,NSW,F,Yes,OceanView_Aft,0.05,23/11/2023,1800,2/4/2023,1799.95,1000
130,327,-235,320,12,1,Ship1,SA,M,Yes,Suites_Mid,0.08,23/11/2023,900,2/4/2023,899.92,1000
130,327,-235,320,13,1,Ship1,QLD,F,No,Suites_Aft,0.09,23/11/2023,1000,2/4/2023,999.91,1000
131,334,-234,327,7,1,Ship1,QLD,M,No,Interior_Mid,0.36,23/11/2023,500,3/4/2023,499.64,1000
131,334,-234,327,8,1,Ship1,QLD,F,Yes,Interior_Bow,0.03,23/11/2023,600,3/4/2023,599.97,1000
131,334,-234,327,9,1,Ship1,WA,F,No,OceanView_Bow,0.18,23/11/2023,2100,3/4/2023,2099.82,1000
131,334,-234,327,10,1,Ship1,WA,F,No,Balcony_Bow,0.05,23/11/2023,750,3/4/2023,749.95,1000
131,334,-234,327,11,1,Ship1,TAS,M,No,Interior_Bow,0.14,23/11/2023,600,3/4/2023,599.86,1000
131,334,-234,327,12,1,Ship1,ACT,M,No,Balcony_Bow,0.3,23/11/2023,750,3/4/2023,749.7,1000
131,334,-234,327,13,1,Ship1,SA,F,Yes,MiniSuites_Mid,0.24,23/11/2023,2500,3/4/2023,2499.76,1000
132,341,-233,334,7,1,Ship1,NSW,F,No,Balcony_Mid,0.25,23/11/2023,650,4/4/2023,649.75,1000
132,341,-233,334,8,1,Ship1,TAS,F,No,Interior_Mid,0.22,23/11/2023,500,4/4/2023,499.78,1000
132,341,-233,334,9,1,Ship1,VIC,F,Yes,Suites_Bow,0.15,23/11/2023,1100,4/4/2023,1099.85,1000
132,341,-233,334,10,1,Ship1,NSW,F,Yes,MiniSuites_Bow,0.38,23/11/2023,2700,4/4/2023,2699.62,1000
132,341,-233,334,11,1,Ship1,NT,M,Yes,Balcony_Aft,0.1,23/11/2023,700,4/4/2023,699.9,1000
132,341,-233,334,12,1,Ship1,WA,M,Yes,OceanView_Mid,0.25,23/11/2023,1500,4/4/2023,1499.75,1000
132,341,-233,334,13,1,Ship1,VIC,M,Yes,Interior_Bow,0.16,23/11/2023,600,4/4/2023,599.84,1000
133,349,-232,341,8,1,Ship1,WA,M,No,MiniSuites_Mid,0.35,23/11/2023,2500,5/4/2023,2499.65,1000
133,349,-232,341,9,1,Ship1,QLD,F,Yes,OceanView_Mid,0.28,23/11/2023,1500,5/4/2023,1499.72,1000
133,349,-232,341,10,1,Ship1,SA,F,Yes,Suites_Bow,0.06,23/11/2023,1100,5/4/2023,1099.94,1000
133,349,-232,341,11,1,Ship1,TAS,M,Yes,PenthouseSuites_Aft,0.07,23/11/2023,3500,5/4/2023,3499.93,1000
133,349,-232,341,12,1,Ship1,VIC,M,Yes,MiniSuites_Bow,0.11,23/11/2023,2700,5/4/2023,2699.89,1000
133,349,-232,341,13,1,Ship1,VIC,F,Yes,MiniSuites_Bow,0.18,23/11/2023,2700,5/4/2023,2699.82,1000
133,349,-232,341,14,1,Ship1,VIC,F,Yes,Interior_Bow,0.1,23/11/2023,600,5/4/2023,599.9,1000
133,349,-232,341,15,1,Ship1,NSW,F,Yes,OceanView_Aft,0.14,23/11/2023,1800,5/4/2023,1799.86,1000
134,356,-231,349,7,1,Ship1,NT,M,No,OceanView_Aft,0.09,23/11/2023,1800,6/4/2023,1799.91,1000
134,356,-231,349,8,1,Ship1,TAS,M,No,OceanView_Aft,0.3,23/11/2023,1800,6/4/2023,1799.7,1000
134,356,-231,349,9,1,Ship1,TAS,M,No,Interior_Aft,0.04,23/11/2023,550,6/4/2023,549.96,1000
134,356,-231,349,10,1,Ship1,WA,F,No,Interior_Bow,0.38,23/11/2023,600,6/4/2023,599.62,1000
134,356,-231,349,11,1,Ship1,QLD,M,No,Interior_Aft,0.27,23/11/2023,550,6/4/2023,549.73,1000
134,356,-231,349,12,1,Ship1,QLD,F,No,MiniSuites_Aft,0.15,23/11/2023,2600,6/4/2023,2599.85,1000
134,356,-231,349,13,1,Ship1,NSW,M,Yes,OceanView_Aft,0.22,23/11/2023,1800,6/4/2023,1799.78,1000
135,364,-230,356,8,1,Ship1,SA,F,No,MiniSuites_Mid,0.06,23/11/2023,2500,7/4/2023,2499.94,1000
135,364,-230,356,9,1,Ship1,ACT,M,No,Interior_Mid,0.31,23/11/2023,500,7/4/2023,499.69,1000
135,364,-230,356,10,1,Ship1,SA,M,No,Interior_Mid,0.01,23/11/2023,500,7/4/2023,499.99,1000
135,364,-230,356,11,1,Ship1,QLD,F,No,Balcony_Bow,0.06,23/11/2023,750,7/4/2023,749.94,1000
135,364,-230,356,12,1,Ship1,NSW,M,No,Suites_Bow,0.34,23/11/2023,1100,7/4/2023,1099.66,1000
135,364,-230,356,13,1,Ship1,QLD,M,No,Balcony_Aft,0.07,23/11/2023,700,7/4/2023,699.93,1000
135,364,-230,356,14,1,Ship1,TAS,M,No,Interior_Bow,0.31,23/11/2023,600,7/4/2023,599.69,1000
135,364,-230,356,15,1,Ship1,ACT,M,No,OceanView_Mid,0.12,23/11/2023,1500,7/4/2023,1499.88,1000
136,372,-229,364,8,1,Ship1,ACT,M,No,OceanView_Bow,0.13,23/11/2023,2100,8/4/2023,2099.87,1000
136,372,-229,364,9,1,Ship1,TAS,M,Yes,Balcony_Aft,0.2,23/11/2023,700,8/4/2023,699.8,1000
136,372,-229,364,10,1,Ship1,NT,M,No,Balcony_Mid,0.14,23/11/2023,650,8/4/2023,649.86,1000
136,372,-229,364,11,1,Ship1,TAS,M,No,PenthouseSuites_Aft,0.11,23/11/2023,3500,8/4/2023,3499.89,1000
136,372,-229,364,12,1,Ship1,NT,M,No,MiniSuites_Bow,0.15,23/11/2023,2700,8/4/2023,2699.85,1000
136,372,-229,364,13,1,Ship1,TAS,M,No,Balcony_Mid,0.11,23/11/2023,650,8/4/2023,649.89,1000
136,372,-229,364,14,1,Ship1,QLD,M,Yes,MiniSuites_Mid,0.05,23/11/2023,2500,8/4/2023,2499.95,1000
136,372,-229,364,15,1,Ship1,QLD,F,Yes,Interior_Mid,0.18,23/11/2023,500,8/4/2023,499.82,1000
137,379,-228,372,7,1,Ship1,SA,F,No,OceanView_Mid,0.33,23/11/2023,1500,9/4/2023,1499.67,1000
137,379,-228,372,8,1,Ship1,QLD,M,No,Interior_Aft,0.18,23/11/2023,550,9/4/2023,549.82,1000
137,379,-228,372,9,1,Ship1,SA,F,No,OceanView_Mid,0.05,23/11/2023,1500,9/4/2023,1499.95,1000
137,379,-228,372,10,1,Ship1,VIC,F,No,Suites_Aft,0.14,23/11/2023,1000,9/4/2023,999.86,1000
137,379,-228,372,11,1,Ship1,NSW,M,No,OceanView_Bow,0.04,23/11/2023,2100,9/4/2023,2099.96,1000
137,379,-228,372,12,1,Ship1,VIC,F,No,Balcony_Bow,0.33,23/11/2023,750,9/4/2023,749.67,1000
137,379,-228,372,13,1,Ship1,QLD,M,No,Interior_Aft,0.34,23/11/2023,550,9/4/2023,549.66,1000
138,387,-227,379,8,1,Ship1,WA,F,Yes,Balcony_Aft,0.26,23/11/2023,700,10/4/2023,699.74,1000
138,387,-227,379,9,1,Ship1,ACT,F,No,Balcony_Aft,0.36,23/11/2023,700,10/4/2023,699.64,1000
138,387,-227,379,10,1,Ship1,WA,M,No,Suites_Aft,0.29,23/11/2023,1000,10/4/2023,999.71,1000
138,387,-227,379,11,1,Ship1,QLD,M,Yes,OceanView_Mid,0.07,23/11/2023,1500,10/4/2023,1499.93,1000
138,387,-227,379,12,1,Ship1,QLD,M,No,Interior_Mid,0.25,23/11/2023,500,10/4/2023,499.75,1000
138,387,-227,379,13,1,Ship1,ACT,F,No,Interior_Aft,0.19,23/11/2023,550,10/4/2023,549.81,1000
138,387,-227,379,14,1,Ship1,QLD,M,No,Interior_Mid,0.17,23/11/2023,500,10/4/2023,499.83,1000
138,387,-227,379,15,1,Ship1,QLD,M,Yes,Interior_Mid,0.38,23/11/2023,500,10/4/2023,499.62,1000
139,395,-226,387,8,1,Ship1,SA,M,No,OceanView_Mid,0.17,23/11/2023,1500,11/4/2023,1499.83,1000
139,395,-226,387,9,1,Ship1,ACT,M,No,MiniSuites_Mid,0.05,23/11/2023,2500,11/4/2023,2499.95,1000
139,395,-226,387,10,1,Ship1,QLD,M,No,Balcony_Mid,0.09,23/11/2023,650,11/4/2023,649.91,1000
139,395,-226,387,11,1,Ship1,QLD,M,No,OceanView_Mid,0.31,23/11/2023,1500,11/4/2023,1499.69,1000
139,395,-226,387,12,1,Ship1,VIC,M,No,Interior_Aft,0.04,23/11/2023,550,11/4/2023,549.96,1000
139,395,-226,387,13,1,Ship1,ACT,F,No,Interior_Mid,0.11,23/11/2023,500,11/4/2023,499.89,1000
139,395,-226,387,14,1,Ship1,TAS,F,No,MiniSuites_Aft,0.32,23/11/2023,2600,11/4/2023,2599.68,1000
139,395,-226,387,15,1,Ship1,QLD,M,No,Interior_Bow,0.29,23/11/2023,600,11/4/2023,599.71,1000
140,403,-225,395,8,1,Ship1,QLD,M,No,MiniSuites_Bow,0.32,23/11/2023,2700,12/4/2023,2699.68,1000
140,403,-225,395,9,1,Ship1,QLD,M,No,Interior_Bow,0.1,23/11/2023,600,12/4/2023,599.9,1000
140,403,-225,395,10,1,Ship1,WA,F,No,Balcony_Bow,0.01,23/11/2023,750,12/4/2023,749.99,1000
140,403,-225,395,11,1,Ship1,NT,M,Yes,MiniSuites_Mid,0.3,23/11/2023,2500,12/4/2023,2499.7,1000
140,403,-225,395,12,1,Ship1,QLD,M,No,Interior_Aft,0.33,23/11/2023,550,12/4/2023,549.67,1000
140,403,-225,395,13,1,Ship1,SA,F,No,OceanView_Bow,0.33,23/11/2023,2100,12/4/2023,2099.67,1000
140,403,-225,395,14,1,Ship1,TAS,M,Yes,OceanView_Bow,0.11,23/11/2023,2100,12/4/2023,2099.89,1000
140,403,-225,395,15,1,Ship1,SA,M,No,Interior_Mid,0,23/11/2023,500,12/4/2023,500,1000
141,411,-224,403,8,1,Ship1,NT,M,No,Interior_Mid,0.36,23/11/2023,500,13/4/2023,499.64,1000
141,411,-224,403,9,1,Ship1,TAS,M,No,MiniSuites_Aft,0.02,23/11/2023,2600,13/4/2023,2599.98,1000
141,411,-224,403,10,1,Ship1,VIC,F,No,MiniSuites_Mid,0.27,23/11/2023,2500,13/4/2023,2499.73,1000
141,411,-224,403,11,1,Ship1,VIC,F,No,OceanView_Bow,0.25,23/11/2023,2100,13/4/2023,2099.75,1000
141,411,-224,403,12,1,Ship1,WA,F,No,MiniSuites_Bow,0.08,23/11/2023,2700,13/4/2023,2699.92,1000
141,411,-224,403,13,1,Ship1,NT,F,No,OceanView_Bow,0.01,23/11/2023,2100,13/4/2023,2099.99,1000
141,411,-224,403,14,1,Ship1,QLD,F,Yes,Interior_Mid,0.06,23/11/2023,500,13/4/2023,499.94,1000
141,411,-224,403,15,1,Ship1,NSW,M,No,MiniSuites_Aft,0.38,23/11/2023,2600,13/4/2023,2599.62,1000
142,419,-223,411,8,1,Ship1,SA,M,Yes,Interior_Bow,0.36,23/11/2023,600,14/4/2023,599.64,1000
142,419,-223,411,9,1,Ship1,WA,F,Yes,Interior_Aft,0.06,23/11/2023,550,14/4/2023,549.94,1000
142,419,-223,411,10,1,Ship1,QLD,M,No,Interior_Aft,0.39,23/11/2023,550,14/4/2023,549.61,1000
142,419,-223,411,11,1,Ship1,TAS,M,No,Balcony_Mid,0.05,23/11/2023,650,14/4/2023,649.95,1000
142,419,-223,411,12,1,Ship1,NT,M,No,Interior_Aft,0.27,23/11/2023,550,14/4/2023,549.73,1000
142,419,-223,411,13,1,Ship1,NT,M,No,Balcony_Mid,0.39,23/11/2023,650,14/4/2023,649.61,1000
142,419,-223,411,14,1,Ship1,QLD,F,No,Balcony_Aft,0.07,23/11/2023,700,14/4/2023,699.93,1000
142,419,-223,411,15,1,Ship1,NSW,M,Yes,Balcony_Aft,0.17,23/11/2023,700,14/4/2023,699.83,1000
143,427,-222,419,8,1,Ship1,SA,M,No,Interior_Aft,0.33,23/11/2023,550,15/4/2023,549.67,1000
143,427,-222,419,9,1,Ship1,WA,M,No,Interior_Mid,0.14,23/11/2023,500,15/4/2023,499.86,1000
143,427,-222,419,10,1,Ship1,SA,F,No,Balcony_Aft,0.16,23/11/2023,700,15/4/2023,699.84,1000
143,427,-222,419,11,1,Ship1,WA,F,Yes,Interior_Bow,0.39,23/11/2023,600,15/4/2023,599.61,1000
143,427,-222,419,12,1,Ship1,NSW,F,No,Interior_Aft,0.08,23/11/2023,550,15/4/2023,549.92,1000
143,427,-222,419,13,1,Ship1,VIC,M,No,OceanView_Mid,0.14,23/11/2023,1500,15/4/2023,1499.86,1000
143,427,-222,419,14,1,Ship1,SA,M,Yes,Interior_Mid,0.06,23/11/2023,500,15/4/2023,499.94,1000
143,427,-222,419,15,1,Ship1,NSW,F,No,OceanView_Mid,0,23/11/2023,1500,15/4/2023,1500,1000
144,435,-221,427,8,1,Ship1,SA,M,Yes,MiniSuites_Bow,0.11,23/11/2023,2700,16/4/2023,2699.89,1000
144,435,-221,427,9,1,Ship1,WA,M,No,OceanView_Bow,0.3,23/11/2023,2100,16/4/2023,2099.7,1000
144,435,-221,427,10,1,Ship1,SA,F,No,OceanView_Bow,0.07,23/11/2023,2100,16/4/2023,2099.93,1000
144,435,-221,427,11,1,Ship1,QLD,M,No,OceanView_Mid,0.21,23/11/2023,1500,16/4/2023,1499.79,1000
144,435,-221,427,12,1,Ship1,QLD,F,Yes,MiniSuites_Mid,0.15,23/11/2023,2500,16/4/2023,2499.85,1000
144,435,-221,427,13,1,Ship1,WA,M,No,Interior_Mid,0.06,23/11/2023,500,16/4/2023,499.94,1000
144,435,-221,427,14,1,Ship1,WA,F,Yes,Interior_Bow,0.31,23/11/2023,600,16/4/2023,599.69,1000
144,435,-221,427,15,1,Ship1,ACT,F,No,Interior_Mid,0.04,23/11/2023,500,16/4/2023,499.96,1000
145,443,-220,435,8,1,Ship1,NSW,F,Yes,Interior_Mid,0.16,23/11/2023,500,17/4/2023,499.84,1000
145,443,-220,435,9,1,Ship1,SA,F,No,OceanView_Bow,0.1,23/11/2023,2100,17/4/2023,2099.9,1000
145,443,-220,435,10,1,Ship1,ACT,M,No,Balcony_Aft,0.38,23/11/2023,700,17/4/2023,699.62,1000
145,443,-220,435,11,1,Ship1,QLD,F,No,Interior_Mid,0.23,23/11/2023,500,17/4/2023,499.77,1000
145,443,-220,435,12,1,Ship1,ACT,F,Yes,OceanView_Mid,0.15,23/11/2023,1500,17/4/2023,1499.85,1000
145,443,-220,435,13,1,Ship1,WA,M,No,Balcony_Aft,0.05,23/11/2023,700,17/4/2023,699.95,1000
145,443,-220,435,14,1,Ship1,NT,M,Yes,Interior_Bow,0.1,23/11/2023,600,17/4/2023,599.9,1000
145,443,-220,435,15,1,Ship1,TAS,M,No,Interior_Aft,0.12,23/11/2023,550,17/4/2023,549.88,1000
146,451,-219,443,8,1,Ship1,WA,F,No,Interior_Aft,0.09,23/11/2023,550,18/4/2023,549.91,1000
146,451,-219,443,9,1,Ship1,WA,F,No,PenthouseSuites_Aft,0.19,23/11/2023,3500,18/4/2023,3499.81,1000
146,451,-219,443,10,1,Ship1,TAS,F,No,OceanView_Bow,0.29,23/11/2023,2100,18/4/2023,2099.71,1000
146,451,-219,443,11,1,Ship1,QLD,M,No,Interior_Mid,0.33,23/11/2023,500,18/4/2023,499.67,1000
146,451,-219,443,12,1,Ship1,NSW,M,No,Interior_Aft,0.38,23/11/2023,550,18/4/2023,549.62,1000
146,451,-219,443,13,1,Ship1,NSW,F,No,OceanView_Aft,0.27,23/11/2023,1800,18/4/2023,1799.73,1000
146,451,-219,443,14,1,Ship1,NT,F,Yes,OceanView_Bow,0.24,23/11/2023,2100,18/4/2023,2099.76,1000
146,451,-219,443,15,1,Ship1,QLD,M,Yes,Balcony_Bow,0.05,23/11/2023,750,18/4/2023,749.95,1000
147,459,-218,451,8,1,Ship1,QLD,F,Yes,Balcony_Mid,0.16,23/11/2023,650,19/4/2023,649.84,1000
147,459,-218,451,9,1,Ship1,NT,F,No,MiniSuites_Mid,0.27,23/11/2023,2500,19/4/2023,2499.73,1000
147,459,-218,451,10,1,Ship1,NSW,F,No,MiniSuites_Mid,0.34,23/11/2023,2500,19/4/2023,2499.66,1000
147,459,-218,451,11,1,Ship1,NT,M,No,OceanView_Mid,0.06,23/11/2023,1500,19/4/2023,1499.94,1000
147,459,-218,451,12,1,Ship1,ACT,M,Yes,MiniSuites_Aft,0.24,23/11/2023,2600,19/4/2023,2599.76,1000
147,459,-218,451,13,1,Ship1,WA,M,Yes,OceanView_Mid,0.2,23/11/2023,1500,19/4/2023,1499.8,1000
147,459,-218,451,14,1,Ship1,NSW,F,Yes,OceanView_Aft,0.36,23/11/2023,1800,19/4/2023,1799.64,1000
147,459,-218,451,15,1,Ship1,WA,M,No,Suites_Mid,0.06,23/11/2023,900,19/4/2023,899.94,1000
148,467,-217,459,8,1,Ship1,NSW,M,No,OceanView_Bow,0.09,23/11/2023,2100,20/4/2023,2099.91,1000
148,467,-217,459,9,1,Ship1,QLD,F,No,MiniSuites_Bow,0.39,23/11/2023,2700,20/4/2023,2699.61,1000
148,467,-217,459,10,1,Ship1,SA,M,No,OceanView_Mid,0.24,23/11/2023,1500,20/4/2023,1499.76,1000
148,467,-217,459,11,1,Ship1,NSW,F,No,Suites_Aft,0.05,23/11/2023,1000,20/4/2023,999.95,1000
148,467,-217,459,12,1,Ship1,WA,M,No,Interior_Aft,0.3,23/11/2023,550,20/4/2023,549.7,1000
148,467,-217,459,13,1,Ship1,VIC,F,Yes,Interior_Mid,0.38,23/11/2023,500,20/4/2023,499.62,1000
148,467,-217,459,14,1,Ship1,VIC,M,No,Interior_Mid,0.35,23/11/2023,500,20/4/2023,499.65,1000
148,467,-217,459,15,1,Ship1,QLD,M,Yes,Interior_Aft,0.09,23/11/2023,550,20/4/2023,549.91,1000
149,476,-216,467,9,1,Ship1,QLD,F,Yes,MiniSuites_Aft,0.34,23/11/2023,2600,21/4/2023,2599.66,1000
149,476,-216,467,10,1,Ship1,ACT,F,Yes,Interior_Aft,0.31,23/11/2023,550,21/4/2023,549.69,1000
149,476,-216,467,11,1,Ship1,NSW,M,Yes,Balcony_Aft,0.32,23/11/2023,700,21/4/2023,699.68,1000
149,476,-216,467,12,1,Ship1,TAS,M,No,Interior_Aft,0.17,23/11/2023,550,21/4/2023,549.83,1000
149,476,-216,467,13,1,Ship1,VIC,F,Yes,OceanView_Mid,0.32,23/11/2023,1500,21/4/2023,1499.68,1000
149,476,-216,467,14,1,Ship1,TAS,F,No,OceanView_Mid,0.25,23/11/2023,1500,21/4/2023,1499.75,1000
149,476,-216,467,15,1,Ship1,WA,F,Yes,Interior_Bow,0.16,23/11/2023,600,21/4/2023,599.84,1000
149,476,-216,467,16,1,Ship1,ACT,M,No,OceanView_Aft,0.16,23/11/2023,1800,21/4/2023,1799.84,1000
149,476,-216,467,17,1,Ship1,QLD,F,No,Balcony_Aft,0.02,23/11/2023,700,21/4/2023,699.98,1000
150,484,-215,476,8,1,Ship1,SA,M,No,PenthouseSuites_Bow,0.1,23/11/2023,4000,22/4/2023,3999.9,1000
150,484,-215,476,9,1,Ship1,NSW,M,Yes,Interior_Mid,0.29,23/11/2023,500,22/4/2023,499.71,1000
150,484,-215,476,10,1,Ship1,VIC,M,No,Interior_Mid,0,23/11/2023,500,22/4/2023,500,1000
150,484,-215,476,11,1,Ship1,WA,M,No,Interior_Bow,0.3,23/11/2023,600,22/4/2023,599.7,1000
150,484,-215,476,12,1,Ship1,NSW,M,No,Interior_Mid,0.38,23/11/2023,500,22/4/2023,499.62,1000
150,484,-215,476,13,1,Ship1,NT,M,Yes,OceanView_Aft,0.01,23/11/2023,1800,22/4/2023,1799.99,1000
150,484,-215,476,14,1,Ship1,ACT,F,No,Balcony_Mid,0.37,23/11/2023,650,22/4/2023,649.63,1000
150,484,-215,476,15,1,Ship1,ACT,M,No,OceanView_Mid,0.11,23/11/2023,1500,22/4/2023,1499.89,1000
151,492,-214,484,8,1,Ship1,WA,F,No,PenthouseSuites_Aft,0.3,23/11/2023,3500,23/4/2023,3499.7,1000
151,492,-214,484,9,1,Ship1,WA,M,No,Interior_Bow,0.3,23/11/2023,600,23/4/2023,599.7,1000
151,492,-214,484,10,1,Ship1,VIC,F,No,OceanView_Mid,0.32,23/11/2023,1500,23/4/2023,1499.68,1000
151,492,-214,484,11,1,Ship1,NSW,M,No,Interior_Mid,0.07,23/11/2023,500,23/4/2023,499.93,1000
151,492,-214,484,12,1,Ship1,ACT,F,No,Interior_Mid,0.09,23/11/2023,500,23/4/2023,499.91,1000
151,492,-214,484,13,1,Ship1,QLD,M,No,MiniSuites_Mid,0.08,23/11/2023,2500,23/4/2023,2499.92,1000
151,492,-214,484,14,1,Ship1,NSW,F,No,Balcony_Bow,0.1,23/11/2023,750,23/4/2023,749.9,1000
151,492,-214,484,15,1,Ship1,ACT,F,Yes,Interior_Mid,0.27,23/11/2023,500,23/4/2023,499.73,1000
152,500,-213,492,8,1,Ship1,SA,M,No,Balcony_Aft,0.37,23/11/2023,700,24/4/2023,699.63,1000
152,500,-213,492,9,1,Ship1,TAS,F,No,OceanView_Mid,0.09,23/11/2023,1500,24/4/2023,1499.91,1000
152,500,-213,492,10,1,Ship1,VIC,F,Yes,OceanView_Aft,0.23,23/11/2023,1800,24/4/2023,1799.77,1000
152,500,-213,492,11,1,Ship1,WA,M,No,Interior_Bow,0.32,23/11/2023,600,24/4/2023,599.68,1000
152,500,-213,492,12,1,Ship1,ACT,F,Yes,Balcony_Mid,0.01,23/11/2023,650,24/4/2023,649.99,1000
152,500,-213,492,13,1,Ship1,WA,F,Yes,Balcony_Aft,0.11,23/11/2023,700,24/4/2023,699.89,1000
152,500,-213,492,14,1,Ship1,TAS,F,No,OceanView_Bow,0.27,23/11/2023,2100,24/4/2023,2099.73,1000
152,500,-213,492,15,1,Ship1,ACT,F,No,Balcony_Mid,0.22,23/11/2023,650,24/4/2023,649.78,1000
153,508,-212,500,8,1,Ship1,VIC,M,Yes,Suites_Mid,0.2,23/11/2023,900,25/4/2023,899.8,1000
153,508,-212,500,9,1,Ship1,TAS,F,Yes,Interior_Bow,0.32,23/11/2023,600,25/4/2023,599.68,1000
153,508,-212,500,10,1,Ship1,TAS,M,Yes,Interior_Mid,0.37,23/11/2023,500,25/4/2023,499.63,1000
153,508,-212,500,11,1,Ship1,WA,F,No,Interior_Aft,0.01,23/11/2023,550,25/4/2023,549.99,1000
153,508,-212,500,12,1,Ship1,ACT,M,Yes,Interior_Mid,0.14,23/11/2023,500,25/4/2023,499.86,1000
153,508,-212,500,13,1,Ship1,WA,M,No,Suites_Bow,0.12,23/11/2023,1100,25/4/2023,1099.88,1000
153,508,-212,500,14,1,Ship1,NT,M,No,Balcony_Aft,0.12,23/11/2023,700,25/4/2023,699.88,1000
153,508,-212,500,15,1,Ship1,TAS,M,No,MiniSuites_Aft,0.14,23/11/2023,2600,25/4/2023,2599.86,1000
154,517,-211,508,9,1,Ship1,NSW,F,No,OceanView_Mid,0.24,23/11/2023,1500,26/4/2023,1499.76,1000
154,517,-211,508,10,1,Ship1,ACT,M,No,Interior_Mid,0.31,23/11/2023,500,26/4/2023,499.69,1000
154,517,-211,508,11,1,Ship1,NT,F,No,MiniSuites_Aft,0.36,23/11/2023,2600,26/4/2023,2599.64,1000
154,517,-211,508,12,1,Ship1,WA,F,No,OceanView_Bow,0.03,23/11/2023,2100,26/4/2023,2099.97,1000
154,517,-211,508,13,1,Ship1,NT,F,No,Balcony_Bow,0.17,23/11/2023,750,26/4/2023,749.83,1000
154,517,-211,508,14,1,Ship1,SA,M,Yes,Interior_Aft,0.38,23/11/2023,550,26/4/2023,549.62,1000
154,517,-211,508,15,1,Ship1,WA,F,No,MiniSuites_Bow,0.24,23/11/2023,2700,26/4/2023,2699.76,1000
154,517,-211,508,16,1,Ship1,ACT,M,No,Interior_Mid,0,23/11/2023,500,26/4/2023,500,1000
154,517,-211,508,17,1,Ship1,SA,M,No,Interior_Aft,0.34,23/11/2023,550,26/4/2023,549.66,1000
155,525,-210,517,8,1,Ship1,ACT,F,No,Interior_Aft,0.25,23/11/2023,550,27/4/2023,549.75,1000
155,525,-210,517,9,1,Ship1,SA,M,No,MiniSuites_Aft,0.22,23/11/2023,2600,27/4/2023,2599.78,1000
155,525,-210,517,10,1,Ship1,NT,M,Yes,MiniSuites_Bow,0.35,23/11/2023,2700,27/4/2023,2699.65,1000
155,525,-210,517,11,1,Ship1,NSW,M,No,OceanView_Mid,0.39,23/11/2023,1500,27/4/2023,1499.61,1000
155,525,-210,517,12,1,Ship1,VIC,M,No,OceanView_Bow,0.11,23/11/2023,2100,27/4/2023,2099.89,1000
155,525,-210,517,13,1,Ship1,TAS,F,No,Interior_Aft,0.05,23/11/2023,550,27/4/2023,549.95,1000
155,525,-210,517,14,1,Ship1,NT,F,No,Interior_Bow,0.28,23/11/2023,600,27/4/2023,599.72,1000
155,525,-210,517,15,1,Ship1,VIC,F,No,OceanView_Bow,0.12,23/11/2023,2100,27/4/2023,2099.88,1000
156,533,-209,525,8,1,Ship1,TAS,F,No,MiniSuites_Mid,0.34,23/11/2023,2500,28/4/2023,2499.66,1000
156,533,-209,525,9,1,Ship1,SA,F,No,OceanView_Bow,0.16,23/11/2023,2100,28/4/2023,2099.84,1000
156,533,-209,525,10,1,Ship1,SA,F,Yes,MiniSuites_Bow,0.2,23/11/2023,2700,28/4/2023,2699.8,1000
156,533,-209,525,11,1,Ship1,VIC,F,No,Balcony_Aft,0.31,23/11/2023,700,28/4/2023,699.69,1000
156,533,-209,525,12,1,Ship1,QLD,M,No,OceanView_Mid,0.3,23/11/2023,1500,28/4/2023,1499.7,1000
156,533,-209,525,13,1,Ship1,SA,M,Yes,OceanView_Mid,0.14,23/11/2023,1500,28/4/2023,1499.86,1000
156,533,-209,525,14,1,Ship1,ACT,F,Yes,Suites_Mid,0.06,23/11/2023,900,28/4/2023,899.94,1000
156,533,-209,525,15,1,Ship1,TAS,M,Yes,OceanView_Bow,0.25,23/11/2023,2100,28/4/2023,2099.75,1000
157,541,-208,533,8,1,Ship1,QLD,M,No,OceanView_Mid,0.38,23/11/2023,1500,29/4/2023,1499.62,1000
157,541,-208,533,9,1,Ship1,SA,M,Yes,MiniSuites_Bow,0.35,23/11/2023,2700,29/4/2023,2699.65,1000
157,541,-208,533,10,1,Ship1,WA,F,No,MiniSuites_Aft,0.21,23/11/2023,2600,29/4/2023,2599.79,1000
157,541,-208,533,11,1,Ship1,NT,F,Yes,Suites_Bow,0.35,23/11/2023,1100,29/4/2023,1099.65,1000
157,541,-208,533,12,1,Ship1,QLD,M,No,Balcony_Bow,0.04,23/11/2023,750,29/4/2023,749.96,1000
157,541,-208,533,13,1,Ship1,QLD,F,No,Suites_Bow,0.08,23/11/2023,1100,29/4/2023,1099.92,1000
157,541,-208,533,14,1,Ship1,WA,M,No,Suites_Mid,0.11,23/11/2023,900,29/4/2023,899.89,1000
157,541,-208,533,15,1,Ship1,VIC,M,Yes,MiniSuites_Bow,0.18,23/11/2023,2700,29/4/2023,2699.82,1000
158,549,-207,541,8,1,Ship1,NT,F,No,Interior_Bow,0.32,23/11/2023,600,30/4/2023,599.68,1000
158,549,-207,541,9,1,Ship1,VIC,F,No,Interior_Mid,0.17,23/11/2023,500,30/4/2023,499.83,1000
158,549,-207,541,10,1,Ship1,QLD,F,Yes,Balcony_Mid,0.33,23/11/2023,650,30/4/2023,649.67,1000
158,549,-207,541,11,1,Ship1,QLD,F,No,OceanView_Bow,0.04,23/11/2023,2100,30/4/2023,2099.96,1000
158,549,-207,541,12,1,Ship1,VIC,M,No,Interior_Bow,0.09,23/11/2023,600,30/4/2023,599.91,1000
158,549,-207,541,13,1,Ship1,NT,M,No,OceanView_Mid,0.04,23/11/2023,1500,30/4/2023,1499.96,1000
158,549,-207,541,14,1,Ship1,VIC,M,No,OceanView_Mid,0.14,23/11/2023,1500,30/4/2023,1499.86,1000
158,549,-207,541,15,1,Ship1,NT,F,No,Interior_Mid,0.3,23/11/2023,500,30/4/2023,499.7,1000
159,558,-206,549,9,1,Ship1,QLD,M,No,Interior_Aft,0.36,23/11/2023,550,1/5/2023,549.64,1000
159,558,-206,549,10,1,Ship1,NSW,F,No,OceanView_Aft,0.14,23/11/2023,1800,1/5/2023,1799.86,1000
159,558,-206,549,11,1,Ship1,ACT,F,No,Balcony_Bow,0.17,23/11/2023,750,1/5/2023,749.83,1000
159,558,-206,549,12,1,Ship1,VIC,F,No,MiniSuites_Aft,0.19,23/11/2023,2600,1/5/2023,2599.81,1000
159,558,-206,549,13,1,Ship1,SA,M,No,Interior_Bow,0.33,23/11/2023,600,1/5/2023,599.67,1000
159,558,-206,549,14,1,Ship1,WA,M,Yes,Balcony_Mid,0.04,23/11/2023,650,1/5/2023,649.96,1000
159,558,-206,549,15,1,Ship1,WA,F,No,Interior_Mid,0.39,23/11/2023,500,1/5/2023,499.61,1000
159,558,-206,549,16,1,Ship1,NT,M,Yes,Balcony_Mid,0.07,23/11/2023,650,1/5/2023,649.93,1000
159,558,-206,549,17,1,Ship1,ACT,F,No,Balcony_Mid,0.32,23/11/2023,650,1/5/2023,649.68,1000
160,566,-205,558,8,1,Ship1,TAS,F,No,MiniSuites_Bow,0.38,23/11/2023,2700,2/5/2023,2699.62,1000
160,566,-205,558,9,1,Ship1,VIC,M,No,Balcony_Bow,0.1,23/11/2023,750,2/5/2023,749.9,1000
160,566,-205,558,10,1,Ship1,QLD,F,Yes,Balcony_Mid,0.09,23/11/2023,650,2/5/2023,649.91,1000
160,566,-205,558,11,1,Ship1,SA,M,No,Balcony_Mid,0.14,23/11/2023,650,2/5/2023,649.86,1000
160,566,-205,558,12,1,Ship1,VIC,M,Yes,MiniSuites_Mid,0.13,23/11/2023,2500,2/5/2023,2499.87,1000
160,566,-205,558,13,1,Ship1,NSW,F,Yes,OceanView_Aft,0.36,23/11/2023,1800,2/5/2023,1799.64,1000
160,566,-205,558,14,1,Ship1,WA,M,No,Interior_Mid,0.06,23/11/2023,500,2/5/2023,499.94,1000
160,566,-205,558,15,1,Ship1,NSW,M,No,OceanView_Bow,0.3,23/11/2023,2100,2/5/2023,2099.7,1000
161,574,-204,566,8,1,Ship1,TAS,F,No,Interior_Aft,0.15,23/11/2023,550,3/5/2023,549.85,1000
161,574,-204,566,9,1,Ship1,WA,M,Yes,OceanView_Bow,0.34,23/11/2023,2100,3/5/2023,2099.66,1000
161,574,-204,566,10,1,Ship1,QLD,M,Yes,Suites_Mid,0.31,23/11/2023,900,3/5/2023,899.69,1000
161,574,-204,566,11,1,Ship1,SA,F,No,Balcony_Bow,0.09,23/11/2023,750,3/5/2023,749.91,1000
161,574,-204,566,12,1,Ship1,QLD,F,Yes,Suites_Bow,0.03,23/11/2023,1100,3/5/2023,1099.97,1000
161,574,-204,566,13,1,Ship1,WA,F,Yes,OceanView_Aft,0.06,23/11/2023,1800,3/5/2023,1799.94,1000
161,574,-204,566,14,1,Ship1,NT,M,Yes,Balcony_Bow,0.37,23/11/2023,750,3/5/2023,749.63,1000
161,574,-204,566,15,1,Ship1,VIC,M,Yes,OceanView_Mid,0.2,23/11/2023,1500,3/5/2023,1499.8,1000
162,582,-203,574,8,1,Ship1,QLD,M,No,OceanView_Bow,0.28,23/11/2023,2100,4/5/2023,2099.72,1000
162,582,-203,574,9,1,Ship1,ACT,M,No,Balcony_Mid,0.32,23/11/2023,650,4/5/2023,649.68,1000
162,582,-203,574,10,1,Ship1,WA,M,No,PenthouseSuites_Bow,0.21,23/11/2023,4000,4/5/2023,3999.79,1000
162,582,-203,574,11,1,Ship1,VIC,M,Yes,OceanView_Bow,0.38,23/11/2023,2100,4/5/2023,2099.62,1000
162,582,-203,574,12,1,Ship1,VIC,F,No,Interior_Mid,0.35,23/11/2023,500,4/5/2023,499.65,1000
162,582,-203,574,13,1,Ship1,VIC,M,Yes,MiniSuites_Mid,0.21,23/11/2023,2500,4/5/2023,2499.79,1000
162,582,-203,574,14,1,Ship1,NSW,M,No,Interior_Bow,0.09,23/11/2023,600,4/5/2023,599.91,1000
162,582,-203,574,15,1,Ship1,ACT,M,No,Interior_Aft,0.36,23/11/2023,550,4/5/2023,549.64,1000
163,590,-202,582,8,1,Ship1,NT,M,No,Interior_Mid,0.26,23/11/2023,500,5/5/2023,499.74,1000
163,590,-202,582,9,1,Ship1,VIC,F,Yes,MiniSuites_Bow,0.05,23/11/2023,2700,5/5/2023,2699.95,1000
163,590,-202,582,10,1,Ship1,VIC,M,No,Balcony_Bow,0.39,23/11/2023,750,5/5/2023,749.61,1000
163,590,-202,582,11,1,Ship1,TAS,M,No,OceanView_Bow,0.02,23/11/2023,2100,5/5/2023,2099.98,1000
163,590,-202,582,12,1,Ship1,QLD,F,No,MiniSuites_Aft,0.08,23/11/2023,2600,5/5/2023,2599.92,1000
163,590,-202,582,13,1,Ship1,VIC,F,No,Balcony_Bow,0.26,23/11/2023,750,5/5/2023,749.74,1000
163,590,-202,582,14,1,Ship1,QLD,M,Yes,MiniSuites_Bow,0.31,23/11/2023,2700,5/5/2023,2699.69,1000
163,590,-202,582,15,1,Ship1,ACT,M,No,OceanView_Aft,0.18,23/11/2023,1800,5/5/2023,1799.82,1000
164,598,-201,590,8,1,Ship1,ACT,F,No,MiniSuites_Bow,0.35,23/11/2023,2700,6/5/2023,2699.65,1000
164,598,-201,590,9,1,Ship1,ACT,M,Yes,MiniSuites_Aft,0.23,23/11/2023,2600,6/5/2023,2599.77,1000
164,598,-201,590,10,1,Ship1,WA,M,No,MiniSuites_Aft,0.17,23/11/2023,2600,6/5/2023,2599.83,1000
164,598,-201,590,11,1,Ship1,QLD,M,No,Interior_Aft,0.08,23/11/2023,550,6/5/2023,549.92,1000
164,598,-201,590,12,1,Ship1,SA,M,No,Suites_Bow,0.27,23/11/2023,1100,6/5/2023,1099.73,1000
164,598,-201,590,13,1,Ship1,NSW,M,No,Suites_Mid,0.34,23/11/2023,900,6/5/2023,899.66,1000
164,598,-201,590,14,1,Ship1,TAS,M,No,MiniSuites_Mid,0.26,23/11/2023,2500,6/5/2023,2499.74,1000
164,598,-201,590,15,1,Ship1,QLD,F,No,Interior_Mid,0.29,23/11/2023,500,6/5/2023,499.71,1000
165,606,-200,598,8,1,Ship1,QLD,M,No,MiniSuites_Bow,0.26,23/11/2023,2700,7/5/2023,2699.74,1000
165,606,-200,598,9,1,Ship1,QLD,M,No,Interior_Mid,0.33,23/11/2023,500,7/5/2023,499.67,1000
165,606,-200,598,10,1,Ship1,TAS,F,No,Interior_Bow,0.13,23/11/2023,600,7/5/2023,599.87,1000
165,606,-200,598,11,1,Ship1,NT,M,No,Interior_Mid,0.33,23/11/2023,500,7/5/2023,499.67,1000
165,606,-200,598,12,1,Ship1,QLD,F,No,Interior_Aft,0.19,23/11/2023,550,7/5/2023,549.81,1000
165,606,-200,598,13,1,Ship1,NT,M,No,Interior_Mid,0.26,23/11/2023,500,7/5/2023,499.74,1000
165,606,-200,598,14,1,Ship1,WA,M,Yes,OceanView_Mid,0.22,23/11/2023,1500,7/5/2023,1499.78,1000
165,606,-200,598,15,1,Ship1,SA,M,Yes,Interior_Aft,0.02,23/11/2023,550,7/5/2023,549.98,1000
166,613,-199,606,7,1,Ship1,NT,F,No,MiniSuites_Mid,0.24,23/11/2023,2500,8/5/2023,2499.76,1000
166,613,-199,606,8,1,Ship1,SA,F,No,Interior_Aft,0.21,23/11/2023,550,8/5/2023,549.79,1000
166,613,-199,606,9,1,Ship1,WA,M,No,OceanView_Bow,0.01,23/11/2023,2100,8/5/2023,2099.99,1000
166,613,-199,606,10,1,Ship1,WA,M,No,Suites_Aft,0.18,23/11/2023,1000,8/5/2023,999.82,1000
166,613,-199,606,11,1,Ship1,NT,F,No,OceanView_Aft,0.05,23/11/2023,1800,8/5/2023,1799.95,1000
166,613,-199,606,12,1,Ship1,VIC,M,No,Balcony_Mid,0.18,23/11/2023,650,8/5/2023,649.82,1000
166,613,-199,606,13,1,Ship1,VIC,M,No,Balcony_Aft,0.32,23/11/2023,700,8/5/2023,699.68,1000
167,621,-198,613,8,1,Ship1,WA,M,Yes,Suites_Mid,0.26,23/11/2023,900,9/5/2023,899.74,1000
167,621,-198,613,9,1,Ship1,ACT,F,Yes,OceanView_Bow,0.33,23/11/2023,2100,9/5/2023,2099.67,1000
167,621,-198,613,10,1,Ship1,WA,F,No,OceanView_Aft,0.2,23/11/2023,1800,9/5/2023,1799.8,1000
167,621,-198,613,11,1,Ship1,VIC,F,Yes,Interior_Bow,0.28,23/11/2023,600,9/5/2023,599.72,1000
167,621,-198,613,12,1,Ship1,TAS,M,No,Suites_Bow,0.12,23/11/2023,1100,9/5/2023,1099.88,1000
167,621,-198,613,13,1,Ship1,QLD,M,No,Suites_Bow,0.16,23/11/2023,1100,9/5/2023,1099.84,1000
167,621,-198,613,14,1,Ship1,QLD,M,No,OceanView_Aft,0.23,23/11/2023,1800,9/5/2023,1799.77,1000
167,621,-198,613,15,1,Ship1,TAS,M,No,OceanView_Mid,0.1,23/11/2023,1500,9/5/2023,1499.9,1000
168,629,-197,621,8,1,Ship1,VIC,M,No,PenthouseSuites_Bow,0.02,23/11/2023,4000,10/5/2023,3999.98,1000
168,629,-197,621,9,1,Ship1,ACT,M,No,Interior_Aft,0.29,23/11/2023,550,10/5/2023,549.71,1000
168,629,-197,621,10,1,Ship1,NSW,F,Yes,Interior_Mid,0.18,23/11/2023,500,10/5/2023,499.82,1000
168,629,-197,621,11,1,Ship1,NSW,F,No,MiniSuites_Bow,0.28,23/11/2023,2700,10/5/2023,2699.72,1000
168,629,-197,621,12,1,Ship1,TAS,F,Yes,OceanView_Aft,0.01,23/11/2023,1800,10/5/2023,1799.99,1000
168,629,-197,621,13,1,Ship1,VIC,M,No,MiniSuites_Bow,0.36,23/11/2023,2700,10/5/2023,2699.64,1000
168,629,-197,621,14,1,Ship1,VIC,M,No,Balcony_Mid,0.08,23/11/2023,650,10/5/2023,649.92,1000
168,629,-197,621,15,1,Ship1,VIC,M,Yes,OceanView_Aft,0.06,23/11/2023,1800,10/5/2023,1799.94,1000
169,636,-196,629,7,1,Ship1,TAS,F,No,OceanView_Bow,0.1,23/11/2023,2100,11/5/2023,2099.9,1000
169,636,-196,629,8,1,Ship1,QLD,F,Yes,OceanView_Aft,0.23,23/11/2023,1800,11/5/2023,1799.77,1000
169,636,-196,629,9,1,Ship1,ACT,M,No,MiniSuites_Mid,0.03,23/11/2023,2500,11/5/2023,2499.97,1000
169,636,-196,629,10,1,Ship1,TAS,F,Yes,MiniSuites_Aft,0.05,23/11/2023,2600,11/5/2023,2599.95,1000
169,636,-196,629,11,1,Ship1,SA,M,No,OceanView_Aft,0.31,23/11/2023,1800,11/5/2023,1799.69,1000
169,636,-196,629,12,1,Ship1,ACT,F,No,Interior_Mid,0.06,23/11/2023,500,11/5/2023,499.94,1000
169,636,-196,629,13,1,Ship1,SA,F,Yes,Interior_Bow,0,23/11/2023,600,11/5/2023,600,1000
170,644,-195,636,8,1,Ship1,QLD,M,No,Interior_Bow,0.13,23/11/2023,600,12/5/2023,599.87,1000
170,644,-195,636,9,1,Ship1,SA,F,No,OceanView_Bow,0.35,23/11/2023,2100,12/5/2023,2099.65,1000
170,644,-195,636,10,1,Ship1,TAS,M,Yes,Interior_Aft,0.33,23/11/2023,550,12/5/2023,549.67,1000
170,644,-195,636,11,1,Ship1,NSW,F,Yes,MiniSuites_Mid,0.23,23/11/2023,2500,12/5/2023,2499.77,1000
170,644,-195,636,12,1,Ship1,TAS,M,Yes,OceanView_Bow,0.15,23/11/2023,2100,12/5/2023,2099.85,1000
170,644,-195,636,13,1,Ship1,ACT,M,No,Balcony_Aft,0.12,23/11/2023,700,12/5/2023,699.88,1000
170,644,-195,636,14,1,Ship1,NSW,M,No,Interior_Aft,0.02,23/11/2023,550,12/5/2023,549.98,1000
170,644,-195,636,15,1,Ship1,NSW,M,No,OceanView_Aft,0.39,23/11/2023,1800,12/5/2023,1799.61,1000
171,652,-194,644,8,1,Ship1,SA,M,Yes,Interior_Bow,0.14,23/11/2023,600,13/5/2023,599.86,1000
171,652,-194,644,9,1,Ship1,ACT,M,No,OceanView_Bow,0.22,23/11/2023,2100,13/5/2023,2099.78,1000
171,652,-194,644,10,1,Ship1,NT,M,No,Suites_Bow,0.03,23/11/2023,1100,13/5/2023,1099.97,1000
171,652,-194,644,11,1,Ship1,SA,F,No,Interior_Mid,0.39,23/11/2023,500,13/5/2023,499.61,1000
171,652,-194,644,12,1,Ship1,ACT,F,No,OceanView_Mid,0.27,23/11/2023,1500,13/5/2023,1499.73,1000
171,652,-194,644,13,1,Ship1,QLD,F,No,Interior_Bow,0.24,23/11/2023,600,13/5/2023,599.76,1000
171,652,-194,644,14,1,Ship1,NT,F,No,MiniSuites_Bow,0.37,23/11/2023,2700,13/5/2023,2699.63,1000
171,652,-194,644,15,1,Ship1,SA,F,Yes,Interior_Mid,0.2,23/11/2023,500,13/5/2023,499.8,1000
172,659,-193,652,7,1,Ship1,SA,M,No,Interior_Bow,0.37,23/11/2023,600,14/5/2023,599.63,1000
172,659,-193,652,8,1,Ship1,ACT,M,Yes,Balcony_Bow,0.01,23/11/2023,750,14/5/2023,749.99,1000
172,659,-193,652,9,1,Ship1,QLD,F,Yes,Suites_Aft,0.13,23/11/2023,1000,14/5/2023,999.87,1000
172,659,-193,652,10,1,Ship1,NSW,M,No,Balcony_Aft,0.18,23/11/2023,700,14/5/2023,699.82,1000
172,659,-193,652,11,1,Ship1,NT,M,No,Interior_Aft,0.06,23/11/2023,550,14/5/2023,549.94,1000
172,659,-193,652,12,1,Ship1,NSW,M,No,OceanView_Bow,0.31,23/11/2023,2100,14/5/2023,2099.69,1000
172,659,-193,652,13,1,Ship1,WA,M,No,Interior_Mid,0.35,23/11/2023,500,14/5/2023,499.65,1000
173,666,-192,659,7,1,Ship1,NT,F,Yes,Interior_Mid,0.2,23/11/2023,500,15/5/2023,499.8,1000
173,666,-192,659,8,1,Ship1,SA,M,No,Balcony_Bow,0.39,23/11/2023,750,15/5/2023,749.61,1000
173,666,-192,659,9,1,Ship1,QLD,M,Yes,OceanView_Mid,0.03,23/11/2023,1500,15/5/2023,1499.97,1000
173,666,-192,659,10,1,Ship1,TAS,F,Yes,MiniSuites_Aft,0.01,23/11/2023,2600,15/5/2023,2599.99,1000
173,666,-192,659,11,1,Ship1,TAS,M,No,Balcony_Bow,0.09,23/11/2023,750,15/5/2023,749.91,1000
173,666,-192,659,12,1,Ship1,QLD,M,No,MiniSuites_Bow,0.02,23/11/2023,2700,15/5/2023,2699.98,1000
173,666,-192,659,13,1,Ship1,QLD,M,Yes,OceanView_Aft,0.28,23/11/2023,1800,15/5/2023,1799.72,1000
174,674,-191,666,8,1,Ship1,TAS,F,No,Balcony_Bow,0.06,23/11/2023,750,16/5/2023,749.94,1000
174,674,-191,666,9,1,Ship1,ACT,F,No,Balcony_Aft,0.08,23/11/2023,700,16/5/2023,699.92,1000
174,674,-191,666,10,1,Ship1,ACT,F,Yes,OceanView_Mid,0.37,23/11/2023,1500,16/5/2023,1499.63,1000
174,674,-191,666,11,1,Ship1,SA,F,No,Balcony_Bow,0.16,23/11/2023,750,16/5/2023,749.84,1000
174,674,-191,666,12,1,Ship1,ACT,M,No,OceanView_Aft,0.38,23/11/2023,1800,16/5/2023,1799.62,1000
174,674,-191,666,13,1,Ship1,QLD,M,No,Interior_Aft,0.29,23/11/2023,550,16/5/2023,549.71,1000
174,674,-191,666,14,1,Ship1,TAS,F,No,MiniSuites_Bow,0.25,23/11/2023,2700,16/5/2023,2699.75,1000
174,674,-191,666,15,1,Ship1,NSW,M,No,OceanView_Mid,0.05,23/11/2023,1500,16/5/2023,1499.95,1000
175,681,-190,674,7,1,Ship1,SA,M,No,MiniSuites_Aft,0.35,23/11/2023,2600,17/5/2023,2599.65,1000
175,681,-190,674,8,1,Ship1,ACT,F,No,Interior_Aft,0.09,23/11/2023,550,17/5/2023,549.91,1000
175,681,-190,674,9,1,Ship1,SA,M,Yes,OceanView_Bow,0.03,23/11/2023,2100,17/5/2023,2099.97,1000
175,681,-190,674,10,1,Ship1,VIC,M,No,OceanView_Mid,0.03,23/11/2023,1500,17/5/2023,1499.97,1000
175,681,-190,674,11,1,Ship1,NT,M,No,Balcony_Bow,0.27,23/11/2023,750,17/5/2023,749.73,1000
175,681,-190,674,12,1,Ship1,TAS,M,No,OceanView_Aft,0.33,23/11/2023,1800,17/5/2023,1799.67,1000
175,681,-190,674,13,1,Ship1,TAS,M,Yes,Interior_Bow,0.02,23/11/2023,600,17/5/2023,599.98,1000
176,688,-189,681,7,1,Ship1,NSW,M,No,Suites_Aft,0.13,23/11/2023,1000,18/5/2023,999.87,1000
176,688,-189,681,8,1,Ship1,VIC,F,No,Balcony_Bow,0.22,23/11/2023,750,18/5/2023,749.78,1000
176,688,-189,681,9,1,Ship1,NSW,F,No,Suites_Bow,0.36,23/11/2023,1100,18/5/2023,1099.64,1000
176,688,-189,681,10,1,Ship1,TAS,M,No,OceanView_Bow,0.09,23/11/2023,2100,18/5/2023,2099.91,1000
176,688,-189,681,11,1,Ship1,ACT,F,No,Balcony_Aft,0.37,23/11/2023,700,18/5/2023,699.63,1000
176,688,-189,681,12,1,Ship1,SA,F,Yes,Suites_Bow,0.12,23/11/2023,1100,18/5/2023,1099.88,1000
176,688,-189,681,13,1,Ship1,NSW,M,No,PenthouseSuites_Aft,0.19,23/11/2023,3500,18/5/2023,3499.81,1000
177,695,-188,688,7,1,Ship1,QLD,F,Yes,OceanView_Mid,0.04,23/11/2023,1500,19/5/2023,1499.96,1000
177,695,-188,688,8,1,Ship1,WA,M,No,PenthouseSuites_Bow,0.07,23/11/2023,4000,19/5/2023,3999.93,1000
177,695,-188,688,9,1,Ship1,ACT,F,Yes,OceanView_Bow,0.09,23/11/2023,2100,19/5/2023,2099.91,1000
177,695,-188,688,10,1,Ship1,TAS,M,No,Suites_Bow,0.1,23/11/2023,1100,19/5/2023,1099.9,1000
177,695,-188,688,11,1,Ship1,ACT,F,No,Interior_Mid,0.22,23/11/2023,500,19/5/2023,499.78,1000
177,695,-188,688,12,1,Ship1,NSW,F,No,PenthouseSuites_Bow,0.16,23/11/2023,4000,19/5/2023,3999.84,1000
177,695,-188,688,13,1,Ship1,ACT,M,No,OceanView_Mid,0.16,23/11/2023,1500,19/5/2023,1499.84,1000
178,702,-187,695,7,1,Ship1,NT,M,Yes,OceanView_Bow,0.02,23/11/2023,2100,20/5/2023,2099.98,1000
178,702,-187,695,8,1,Ship1,NSW,M,No,Interior_Mid,0.29,23/11/2023,500,20/5/2023,499.71,1000
178,702,-187,695,9,1,Ship1,VIC,F,No,Interior_Bow,0,23/11/2023,600,20/5/2023,600,1000
178,702,-187,695,10,1,Ship1,QLD,F,No,Interior_Aft,0.21,23/11/2023,550,20/5/2023,549.79,1000
178,702,-187,695,11,1,Ship1,SA,M,No,MiniSuites_Mid,0.27,23/11/2023,2500,20/5/2023,2499.73,1000
178,702,-187,695,12,1,Ship1,NT,M,No,Balcony_Bow,0.32,23/11/2023,750,20/5/2023,749.68,1000
178,702,-187,695,13,1,Ship1,SA,M,No,Balcony_Mid,0.32,23/11/2023,650,20/5/2023,649.68,1000
179,709,-186,702,7,1,Ship1,VIC,M,Yes,OceanView_Bow,0.03,23/11/2023,2100,21/5/2023,2099.97,1000
179,709,-186,702,8,1,Ship1,TAS,F,Yes,Interior_Aft,0.26,23/11/2023,550,21/5/2023,549.74,1000
179,709,-186,702,9,1,Ship1,SA,M,Yes,Balcony_Bow,0.11,23/11/2023,750,21/5/2023,749.89,1000
179,709,-186,702,10,1,Ship1,NSW,M,No,Interior_Aft,0.32,23/11/2023,550,21/5/2023,549.68,1000
179,709,-186,702,11,1,Ship1,VIC,M,No,MiniSuites_Bow,0.04,23/11/2023,2700,21/5/2023,2699.96,1000
179,709,-186,702,12,1,Ship1,QLD,M,No,Interior_Mid,0.26,23/11/2023,500,21/5/2023,499.74,1000
179,709,-186,702,13,1,Ship1,TAS,F,No,MiniSuites_Bow,0.19,23/11/2023,2700,21/5/2023,2699.81,1000
180,715,-185,709,6,1,Ship1,SA,F,No,PenthouseSuites_Aft,0.31,23/11/2023,3500,22/5/2023,3499.69,1000
180,715,-185,709,7,1,Ship1,ACT,M,No,Interior_Bow,0.39,23/11/2023,600,22/5/2023,599.61,1000
180,715,-185,709,8,1,Ship1,TAS,M,Yes,Balcony_Aft,0.38,23/11/2023,700,22/5/2023,699.62,1000
180,715,-185,709,9,1,Ship1,VIC,M,No,OceanView_Aft,0.38,23/11/2023,1800,22/5/2023,1799.62,1000
180,715,-185,709,10,1,Ship1,ACT,F,No,OceanView_Mid,0.05,23/11/2023,1500,22/5/2023,1499.95,1000
180,715,-185,709,11,1,Ship1,QLD,M,Yes,OceanView_Bow,0.16,23/11/2023,2100,22/5/2023,2099.84,1000
181,722,-184,715,7,1,Ship1,SA,F,No,MiniSuites_Aft,0.17,23/11/2023,2600,23/5/2023,2599.83,1000
181,722,-184,715,8,1,Ship1,QLD,M,No,OceanView_Bow,0.33,23/11/2023,2100,23/5/2023,2099.67,1000
181,722,-184,715,9,1,Ship1,NT,M,No,Interior_Aft,0.14,23/11/2023,550,23/5/2023,549.86,1000
181,722,-184,715,10,1,Ship1,VIC,F,No,Balcony_Bow,0.38,23/11/2023,750,23/5/2023,749.62,1000
181,722,-184,715,11,1,Ship1,NT,M,No,Balcony_Bow,0.21,23/11/2023,750,23/5/2023,749.79,1000
181,722,-184,715,12,1,Ship1,NT,M,Yes,OceanView_Bow,0.13,23/11/2023,2100,23/5/2023,2099.87,1000
181,722,-184,715,13,1,Ship1,WA,M,No,Balcony_Bow,0.25,23/11/2023,750,23/5/2023,749.75,1000
182,729,-183,722,7,1,Ship1,TAS,M,No,OceanView_Aft,0.22,23/11/2023,1800,24/5/2023,1799.78,1000
182,729,-183,722,8,1,Ship1,NSW,F,No,Balcony_Mid,0.39,23/11/2023,650,24/5/2023,649.61,1000
182,729,-183,722,9,1,Ship1,WA,M,No,Interior_Bow,0.03,23/11/2023,600,24/5/2023,599.97,1000
182,729,-183,722,10,1,Ship1,QLD,F,No,Suites_Bow,0.22,23/11/2023,1100,24/5/2023,1099.78,1000
182,729,-183,722,11,1,Ship1,WA,F,No,Suites_Mid,0.05,23/11/2023,900,24/5/2023,899.95,1000
182,729,-183,722,12,1,Ship1,SA,M,Yes,Interior_Bow,0.2,23/11/2023,600,24/5/2023,599.8,1000
182,729,-183,722,13,1,Ship1,NT,M,Yes,Suites_Aft,0.25,23/11/2023,1000,24/5/2023,999.75,1000
183,735,-182,729,6,1,Ship1,NT,M,No,MiniSuites_Mid,0.07,23/11/2023,2500,25/5/2023,2499.93,1000
183,735,-182,729,7,1,Ship1,QLD,M,No,Interior_Bow,0.23,23/11/2023,600,25/5/2023,599.77,1000
183,735,-182,729,8,1,Ship1,TAS,M,No,Interior_Mid,0.21,23/11/2023,500,25/5/2023,499.79,1000
183,735,-182,729,9,1,Ship1,NSW,M,Yes,Interior_Bow,0.02,23/11/2023,600,25/5/2023,599.98,1000
183,735,-182,729,10,1,Ship1,NT,F,No,Balcony_Mid,0.31,23/11/2023,650,25/5/2023,649.69,1000
183,735,-182,729,11,1,Ship1,QLD,F,No,MiniSuites_Bow,0.38,23/11/2023,2700,25/5/2023,2699.62,1000
184,741,-181,735,6,1,Ship1,TAS,F,Yes,OceanView_Bow,0.14,23/11/2023,2100,26/5/2023,2099.86,1000
184,741,-181,735,7,1,Ship1,SA,M,No,Suites_Aft,0.35,23/11/2023,1000,26/5/2023,999.65,1000
184,741,-181,735,8,1,Ship1,SA,M,No,OceanView_Mid,0.22,23/11/2023,1500,26/5/2023,1499.78,1000
184,741,-181,735,9,1,Ship1,WA,M,No,OceanView_Mid,0.36,23/11/2023,1500,26/5/2023,1499.64,1000
184,741,-181,735,10,1,Ship1,WA,M,Yes,MiniSuites_Mid,0.24,23/11/2023,2500,26/5/2023,2499.76,1000
184,741,-181,735,11,1,Ship1,WA,F,Yes,OceanView_Bow,0.06,23/11/2023,2100,26/5/2023,2099.94,1000
185,748,-180,741,7,1,Ship1,ACT,M,No,Balcony_Aft,0.16,23/11/2023,700,27/5/2023,699.84,1000
185,748,-180,741,8,1,Ship1,NT,M,Yes,MiniSuites_Mid,0,23/11/2023,2500,27/5/2023,2500,1000
185,748,-180,741,9,1,Ship1,VIC,F,No,Balcony_Mid,0.06,23/11/2023,650,27/5/2023,649.94,1000
185,748,-180,741,10,1,Ship1,ACT,F,No,OceanView_Mid,0.03,23/11/2023,1500,27/5/2023,1499.97,1000
185,748,-180,741,11,1,Ship1,QLD,M,No,Balcony_Bow,0.07,23/11/2023,750,27/5/2023,749.93,1000
185,748,-180,741,12,1,Ship1,VIC,F,No,OceanView_Mid,0.14,23/11/2023,1500,27/5/2023,1499.86,1000
185,748,-180,741,13,1,Ship1,SA,M,No,MiniSuites_Aft,0.28,23/11/2023,2600,27/5/2023,2599.72,1000
186,754,-179,748,6,1,Ship1,NT,F,Yes,Interior_Bow,0.37,23/11/2023,600,28/5/2023,599.63,1000
186,754,-179,748,7,1,Ship1,WA,F,Yes,OceanView_Mid,0.36,23/11/2023,1500,28/5/2023,1499.64,1000
186,754,-179,748,8,1,Ship1,NT,M,No,MiniSuites_Aft,0.14,23/11/2023,2600,28/5/2023,2599.86,1000
186,754,-179,748,9,1,Ship1,NT,M,No,Interior_Bow,0.16,23/11/2023,600,28/5/2023,599.84,1000
186,754,-179,748,10,1,Ship1,NT,M,No,Balcony_Mid,0.14,23/11/2023,650,28/5/2023,649.86,1000
186,754,-179,748,11,1,Ship1,VIC,M,Yes,OceanView_Bow,0.25,23/11/2023,2100,28/5/2023,2099.75,1000
187,760,-178,754,6,1,Ship1,QLD,F,Yes,Interior_Aft,0.17,23/11/2023,550,29/5/2023,549.83,1000
187,760,-178,754,7,1,Ship1,NSW,F,No,OceanView_Aft,0.28,23/11/2023,1800,29/5/2023,1799.72,1000
187,760,-178,754,8,1,Ship1,ACT,M,No,Interior_Mid,0.24,23/11/2023,500,29/5/2023,499.76,1000
187,760,-178,754,9,1,Ship1,NT,F,No,Balcony_Aft,0.06,23/11/2023,700,29/5/2023,699.94,1000
187,760,-178,754,10,1,Ship1,TAS,F,No,MiniSuites_Bow,0.05,23/11/2023,2700,29/5/2023,2699.95,1000
187,760,-178,754,11,1,Ship1,QLD,F,No,MiniSuites_Mid,0.21,23/11/2023,2500,29/5/2023,2499.79,1000
188,766,-177,760,6,1,Ship1,ACT,M,Yes,OceanView_Bow,0.16,23/11/2023,2100,30/5/2023,2099.84,1000
188,766,-177,760,7,1,Ship1,QLD,M,No,Interior_Mid,0.24,23/11/2023,500,30/5/2023,499.76,1000
188,766,-177,760,8,1,Ship1,SA,F,No,OceanView_Aft,0.34,23/11/2023,1800,30/5/2023,1799.66,1000
188,766,-177,760,9,1,Ship1,NT,M,No,PenthouseSuites_Aft,0.09,23/11/2023,3500,30/5/2023,3499.91,1000
188,766,-177,760,10,1,Ship1,TAS,M,No,OceanView_Aft,0.18,23/11/2023,1800,30/5/2023,1799.82,1000
188,766,-177,760,11,1,Ship1,NT,F,No,Interior_Mid,0.2,23/11/2023,500,30/5/2023,499.8,1000
189,772,-176,766,6,1,Ship1,SA,M,Yes,PenthouseSuites_Bow,0.13,23/11/2023,4000,31/5/2023,3999.87,1000
189,772,-176,766,7,1,Ship1,TAS,F,Yes,OceanView_Mid,0.18,23/11/2023,1500,31/5/2023,1499.82,1000
189,772,-176,766,8,1,Ship1,WA,M,Yes,OceanView_Mid,0.12,23/11/2023,1500,31/5/2023,1499.88,1000
189,772,-176,766,9,1,Ship1,NSW,F,Yes,MiniSuites_Bow,0.33,23/11/2023,2700,31/5/2023,2699.67,1000
189,772,-176,766,10,1,Ship1,NSW,M,No,MiniSuites_Bow,0.15,23/11/2023,2700,31/5/2023,2699.85,1000
189,772,-176,766,11,1,Ship1,NT,M,Yes,OceanView_Bow,0.23,23/11/2023,2100,31/5/2023,2099.77,1000
190,777,-175,772,5,1,Ship1,WA,F,No,MiniSuites_Aft,0.15,23/11/2023,2600,1/6/2023,2599.85,1000
190,777,-175,772,6,1,Ship1,NT,M,Yes,Balcony_Aft,0.39,23/11/2023,700,1/6/2023,699.61,1000
190,777,-175,772,7,1,Ship1,ACT,M,No,OceanView_Mid,0.37,23/11/2023,1500,1/6/2023,1499.63,1000
190,777,-175,772,8,1,Ship1,WA,M,Yes,Interior_Aft,0.19,23/11/2023,550,1/6/2023,549.81,1000
190,777,-175,772,9,1,Ship1,NT,F,Yes,Interior_Bow,0.08,23/11/2023,600,1/6/2023,599.92,1000
191,783,-174,777,6,1,Ship1,QLD,M,No,MiniSuites_Aft,0.18,23/11/2023,2600,2/6/2023,2599.82,1000
191,783,-174,777,7,1,Ship1,VIC,F,No,OceanView_Bow,0.2,23/11/2023,2100,2/6/2023,2099.8,1000
191,783,-174,777,8,1,Ship1,QLD,M,No,MiniSuites_Aft,0.33,23/11/2023,2600,2/6/2023,2599.67,1000
191,783,-174,777,9,1,Ship1,VIC,M,No,MiniSuites_Mid,0.21,23/11/2023,2500,2/6/2023,2499.79,1000
191,783,-174,777,10,1,Ship1,NT,F,No,Interior_Mid,0.34,23/11/2023,500,2/6/2023,499.66,1000
191,783,-174,777,11,1,Ship1,WA,F,Yes,MiniSuites_Mid,0.17,23/11/2023,2500,2/6/2023,2499.83,1000
192,789,-173,783,6,1,Ship1,QLD,F,No,Suites_Aft,0.39,23/11/2023,1000,3/6/2023,999.61,1000
192,789,-173,783,7,1,Ship1,VIC,M,No,Balcony_Bow,0.15,23/11/2023,750,3/6/2023,749.85,1000
192,789,-173,783,8,1,Ship1,WA,M,No,OceanView_Bow,0.18,23/11/2023,2100,3/6/2023,2099.82,1000
192,789,-173,783,9,1,Ship1,SA,M,No,Interior_Mid,0.24,23/11/2023,500,3/6/2023,499.76,1000
192,789,-173,783,10,1,Ship1,NT,F,No,Interior_Bow,0.09,23/11/2023,600,3/6/2023,599.91,1000
192,789,-173,783,11,1,Ship1,VIC,M,Yes,Interior_Aft,0.26,23/11/2023,550,3/6/2023,549.74,1000
193,794,-172,789,5,1,Ship1,NSW,F,Yes,Balcony_Bow,0.39,23/11/2023,750,4/6/2023,749.61,1000
193,794,-172,789,6,1,Ship1,QLD,F,Yes,Balcony_Bow,0.34,23/11/2023,750,4/6/2023,749.66,1000
193,794,-172,789,7,1,Ship1,QLD,M,Yes,OceanView_Bow,0.25,23/11/2023,2100,4/6/2023,2099.75,1000
193,794,-172,789,8,1,Ship1,NSW,F,No,Interior_Aft,0.24,23/11/2023,550,4/6/2023,549.76,1000
193,794,-172,789,9,1,Ship1,NSW,F,No,Balcony_Aft,0.14,23/11/2023,700,4/6/2023,699.86,1000
194,799,-171,794,5,1,Ship1,NT,M,Yes,OceanView_Bow,0.12,23/11/2023,2100,5/6/2023,2099.88,1000
194,799,-171,794,6,1,Ship1,NSW,M,No,Interior_Aft,0.1,23/11/2023,550,5/6/2023,549.9,1000
194,799,-171,794,7,1,Ship1,VIC,F,Yes,OceanView_Aft,0.09,23/11/2023,1800,5/6/2023,1799.91,1000
194,799,-171,794,8,1,Ship1,SA,M,Yes,Interior_Mid,0.15,23/11/2023,500,5/6/2023,499.85,1000
194,799,-171,794,9,1,Ship1,ACT,F,Yes,Balcony_Bow,0.13,23/11/2023,750,5/6/2023,749.87,1000
195,805,-170,799,6,1,Ship1,ACT,F,No,OceanView_Mid,0.09,23/11/2023,1500,6/6/2023,1499.91,1000
195,805,-170,799,7,1,Ship1,SA,M,No,Interior_Aft,0.39,23/11/2023,550,6/6/2023,549.61,1000
195,805,-170,799,8,1,Ship1,VIC,M,No,OceanView_Aft,0.24,23/11/2023,1800,6/6/2023,1799.76,1000
195,805,-170,799,9,1,Ship1,WA,M,No,MiniSuites_Mid,0.17,23/11/2023,2500,6/6/2023,2499.83,1000
195,805,-170,799,10,1,Ship1,SA,M,No,Interior_Aft,0.3,23/11/2023,550,6/6/2023,549.7,1000
195,805,-170,799,11,1,Ship1,VIC,F,No,OceanView_Bow,0.11,23/11/2023,2100,6/6/2023,2099.89,1000
196,810,-169,805,5,1,Ship1,ACT,M,No,MiniSuites_Aft,0.21,23/11/2023,2600,7/6/2023,2599.79,1000
196,810,-169,805,6,1,Ship1,TAS,M,Yes,MiniSuites_Mid,0.25,23/11/2023,2500,7/6/2023,2499.75,1000
196,810,-169,805,7,1,Ship1,VIC,M,Yes,Balcony_Bow,0.28,23/11/2023,750,7/6/2023,749.72,1000
196,810,-169,805,8,1,Ship1,SA,F,No,Balcony_Mid,0.24,23/11/2023,650,7/6/2023,649.76,1000
196,810,-169,805,9,1,Ship1,NSW,F,No,Interior_Mid,0.19,23/11/2023,500,7/6/2023,499.81,1000
197,815,-168,810,5,1,Ship1,QLD,M,No,OceanView_Mid,0.3,23/11/2023,1500,8/6/2023,1499.7,1000
197,815,-168,810,6,1,Ship1,NSW,F,No,Interior_Aft,0.37,23/11/2023,550,8/6/2023,549.63,1000
197,815,-168,810,7,1,Ship1,VIC,F,No,PenthouseSuites_Aft,0.31,23/11/2023,3500,8/6/2023,3499.69,1000
197,815,-168,810,8,1,Ship1,TAS,M,No,MiniSuites_Bow,0.25,23/11/2023,2700,8/6/2023,2699.75,1000
197,815,-168,810,9,1,Ship1,TAS,M,No,Interior_Bow,0.11,23/11/2023,600,8/6/2023,599.89,1000
198,820,-167,815,5,1,Ship1,NSW,F,Yes,OceanView_Aft,0.14,23/11/2023,1800,9/6/2023,1799.86,1000
198,820,-167,815,6,1,Ship1,QLD,M,No,MiniSuites_Bow,0.25,23/11/2023,2700,9/6/2023,2699.75,1000
198,820,-167,815,7,1,Ship1,NSW,F,No,MiniSuites_Mid,0.21,23/11/2023,2500,9/6/2023,2499.79,1000
198,820,-167,815,8,1,Ship1,NT,F,No,Interior_Aft,0.27,23/11/2023,550,9/6/2023,549.73,1000
198,820,-167,815,9,1,Ship1,WA,M,No,PenthouseSuites_Aft,0.26,23/11/2023,3500,9/6/2023,3499.74,1000
199,824,-166,820,4,1,Ship1,ACT,F,No,Balcony_Bow,0.2,23/11/2023,750,10/6/2023,749.8,1000
199,824,-166,820,5,1,Ship1,SA,F,No,Suites_Mid,0.35,23/11/2023,900,10/6/2023,899.65,1000
199,824,-166,820,6,1,Ship1,NSW,F,Yes,MiniSuites_Bow,0.32,23/11/2023,2700,10/6/2023,2699.68,1000
199,824,-166,820,7,1,Ship1,NT,M,Yes,PenthouseSuites_Aft,0.32,23/11/2023,3500,10/6/2023,3499.68,1000
200,829,-165,824,5,1,Ship1,SA,M,No,OceanView_Bow,0.22,23/11/2023,2100,11/6/2023,2099.78,1000
200,829,-165,824,6,1,Ship1,WA,F,No,OceanView_Aft,0.2,23/11/2023,1800,11/6/2023,1799.8,1000
200,829,-165,824,7,1,Ship1,NT,F,No,MiniSuites_Aft,0.32,23/11/2023,2600,11/6/2023,2599.68,1000
200,829,-165,824,8,1,Ship1,VIC,M,Yes,Interior_Aft,0.28,23/11/2023,550,11/6/2023,549.72,1000
200,829,-165,824,9,1,Ship1,SA,M,No,OceanView_Bow,0.01,23/11/2023,2100,11/6/2023,2099.99,1000
201,834,-164,829,5,1,Ship1,ACT,M,No,OceanView_Mid,0.31,23/11/2023,1500,12/6/2023,1499.69,1000
201,834,-164,829,6,1,Ship1,VIC,M,No,Interior_Aft,0.33,23/11/2023,550,12/6/2023,549.67,1000
201,834,-164,829,7,1,Ship1,NSW,M,No,Balcony_Mid,0.17,23/11/2023,650,12/6/2023,649.83,1000
201,834,-164,829,8,1,Ship1,VIC,M,No,OceanView_Aft,0,23/11/2023,1800,12/6/2023,1800,1000
201,834,-164,829,9,1,Ship1,TAS,M,No,MiniSuites_Aft,0.21,23/11/2023,2600,12/6/2023,2599.79,1000
202,838,-163,834,4,1,Ship1,SA,M,No,OceanView_Bow,0.23,23/11/2023,2100,13/6/2023,2099.77,1000
202,838,-163,834,5,1,Ship1,SA,M,No,OceanView_Mid,0.06,23/11/2023,1500,13/6/2023,1499.94,1000
202,838,-163,834,6,1,Ship1,TAS,M,No,OceanView_Mid,0.21,23/11/2023,1500,13/6/2023,1499.79,1000
202,838,-163,834,7,1,Ship1,SA,F,No,MiniSuites_Bow,0.07,23/11/2023,2700,13/6/2023,2699.93,1000
203,843,-162,838,5,1,Ship1,TAS,M,No,Balcony_Mid,0.24,23/11/2023,650,14/6/2023,649.76,1000
203,843,-162,838,6,1,Ship1,NT,M,No,Interior_Mid,0.23,23/11/2023,500,14/6/2023,499.77,1000
203,843,-162,838,7,1,Ship1,QLD,M,No,OceanView_Bow,0.33,23/11/2023,2100,14/6/2023,2099.67,1000
203,843,-162,838,8,1,Ship1,NSW,M,No,OceanView_Bow,0.01,23/11/2023,2100,14/6/2023,2099.99,1000
203,843,-162,838,9,1,Ship1,NSW,F,No,MiniSuites_Bow,0.34,23/11/2023,2700,14/6/2023,2699.66,1000
204,847,-161,843,4,1,Ship1,NSW,M,No,OceanView_Mid,0.33,23/11/2023,1500,15/6/2023,1499.67,1000
204,847,-161,843,5,1,Ship1,WA,M,No,Interior_Aft,0.23,23/11/2023,550,15/6/2023,549.77,1000
204,847,-161,843,6,1,Ship1,TAS,M,No,Interior_Bow,0.22,23/11/2023,600,15/6/2023,599.78,1000
204,847,-161,843,7,1,Ship1,TAS,M,Yes,Balcony_Aft,0.04,23/11/2023,700,15/6/2023,699.96,1000
205,851,-160,847,4,1,Ship1,NSW,F,No,Balcony_Aft,0,23/11/2023,700,16/6/2023,700,1000
205,851,-160,847,5,1,Ship1,NSW,F,Yes,Interior_Mid,0.26,23/11/2023,500,16/6/2023,499.74,1000
205,851,-160,847,6,1,Ship1,WA,F,Yes,Balcony_Aft,0.28,23/11/2023,700,16/6/2023,699.72,1000
205,851,-160,847,7,1,Ship1,QLD,F,No,Interior_Mid,0.32,23/11/2023,500,16/6/2023,499.68,1000
206,855,-159,851,4,1,Ship1,VIC,M,No,Interior_Mid,0.07,23/11/2023,500,17/6/2023,499.93,1000
206,855,-159,851,5,1,Ship1,NT,M,No,Suites_Bow,0.18,23/11/2023,1100,17/6/2023,1099.82,1000
206,855,-159,851,6,1,Ship1,SA,F,No,Interior_Bow,0.27,23/11/2023,600,17/6/2023,599.73,1000
206,855,-159,851,7,1,Ship1,WA,M,No,OceanView_Bow,0.13,23/11/2023,2100,17/6/2023,2099.87,1000
207,859,-158,855,4,1,Ship1,VIC,M,No,OceanView_Bow,0.09,23/11/2023,2100,18/6/2023,2099.91,1000
207,859,-158,855,5,1,Ship1,NSW,F,Yes,Balcony_Bow,0.04,23/11/2023,750,18/6/2023,749.96,1000
207,859,-158,855,6,1,Ship1,WA,M,No,Balcony_Bow,0.38,23/11/2023,750,18/6/2023,749.62,1000
207,859,-158,855,7,1,Ship1,VIC,M,Yes,OceanView_Mid,0.31,23/11/2023,1500,18/6/2023,1499.69,1000
208,863,-157,859,4,1,Ship1,VIC,M,Yes,Interior_Bow,0.33,23/11/2023,600,19/6/2023,599.67,1000
208,863,-157,859,5,1,Ship1,NSW,M,No,Interior_Aft,0.39,23/11/2023,550,19/6/2023,549.61,1000
208,863,-157,859,6,1,Ship1,WA,F,No,OceanView_Mid,0.12,23/11/2023,1500,19/6/2023,1499.88,1000
208,863,-157,859,7,1,Ship1,VIC,M,No,OceanView_Bow,0.37,23/11/2023,2100,19/6/2023,2099.63,1000
209,867,-156,863,4,1,Ship1,VIC,M,Yes,MiniSuites_Bow,0.16,23/11/2023,2700,20/6/2023,2699.84,1000
209,867,-156,863,5,1,Ship1,NT,F,No,Interior_Bow,0.37,23/11/2023,600,20/6/2023,599.63,1000
209,867,-156,863,6,1,Ship1,SA,M,No,MiniSuites_Aft,0.15,23/11/2023,2600,20/6/2023,2599.85,1000
209,867,-156,863,7,1,Ship1,SA,M,No,MiniSuites_Bow,0.23,23/11/2023,2700,20/6/2023,2699.77,1000
210,871,-155,867,4,1,Ship1,NT,M,Yes,OceanView_Mid,0.07,23/11/2023,1500,21/6/2023,1499.93,1000
210,871,-155,867,5,1,Ship1,SA,F,Yes,Suites_Bow,0.34,23/11/2023,1100,21/6/2023,1099.66,1000
210,871,-155,867,6,1,Ship1,TAS,F,No,Balcony_Aft,0.2,23/11/2023,700,21/6/2023,699.8,1000
210,871,-155,867,7,1,Ship1,QLD,F,No,Balcony_Aft,0.15,23/11/2023,700,21/6/2023,699.85,1000
211,875,-154,871,4,1,Ship1,VIC,F,No,Interior_Mid,0,23/11/2023,500,22/6/2023,500,1000
211,875,-154,871,5,1,Ship1,SA,F,No,MiniSuites_Aft,0.35,23/11/2023,2600,22/6/2023,2599.65,1000
211,875,-154,871,6,1,Ship1,SA,F,Yes,MiniSuites_Bow,0.29,23/11/2023,2700,22/6/2023,2699.71,1000
211,875,-154,871,7,1,Ship1,VIC,F,No,OceanView_Aft,0.28,23/11/2023,1800,22/6/2023,1799.72,1000
212,878,-153,875,3,1,Ship1,QLD,F,No,Balcony_Mid,0.09,23/11/2023,650,23/6/2023,649.91,1000
212,878,-153,875,4,1,Ship1,NSW,F,Yes,Balcony_Aft,0.03,23/11/2023,700,23/6/2023,699.97,1000
212,878,-153,875,5,1,Ship1,QLD,M,Yes,OceanView_Bow,0.37,23/11/2023,2100,23/6/2023,2099.63,1000
213,882,-152,878,4,1,Ship1,WA,F,No,OceanView_Bow,0.35,23/11/2023,2100,24/6/2023,2099.65,1000
213,882,-152,878,5,1,Ship1,NSW,F,No,Interior_Aft,0.07,23/11/2023,550,24/6/2023,549.93,1000
213,882,-152,878,6,1,Ship1,VIC,M,No,Balcony_Aft,0.03,23/11/2023,700,24/6/2023,699.97,1000
213,882,-152,878,7,1,Ship1,SA,M,Yes,Suites_Bow,0.27,23/11/2023,1100,24/6/2023,1099.73,1000
214,885,-151,882,3,1,Ship1,NSW,M,No,Interior_Aft,0.28,23/11/2023,550,25/6/2023,549.72,1000
214,885,-151,882,4,1,Ship1,TAS,M,No,Interior_Aft,0.28,23/11/2023,550,25/6/2023,549.72,1000
214,885,-151,882,5,1,Ship1,NSW,M,No,Interior_Bow,0.07,23/11/2023,600,25/6/2023,599.93,1000
215,888,-150,885,3,1,Ship1,VIC,F,No,OceanView_Aft,0.02,23/11/2023,1800,26/6/2023,1799.98,1000
215,888,-150,885,4,1,Ship1,SA,M,No,Suites_Mid,0,23/11/2023,900,26/6/2023,900,1000
215,888,-150,885,5,1,Ship1,NSW,M,No,Balcony_Mid,0.18,23/11/2023,650,26/6/2023,649.82,1000
216,892,-149,888,4,1,Ship1,VIC,M,No,Suites_Aft,0.32,23/11/2023,1000,27/6/2023,999.68,1000
216,892,-149,888,5,1,Ship1,VIC,F,Yes,OceanView_Bow,0.18,23/11/2023,2100,27/6/2023,2099.82,1000
216,892,-149,888,6,1,Ship1,NSW,M,No,OceanView_Bow,0.19,23/11/2023,2100,27/6/2023,2099.81,1000
216,892,-149,888,7,1,Ship1,QLD,M,Yes,Interior_Mid,0.34,23/11/2023,500,27/6/2023,499.66,1000
217,895,-148,892,3,1,Ship1,VIC,M,Yes,Interior_Bow,0.27,23/11/2023,600,28/6/2023,599.73,1000
217,895,-148,892,4,1,Ship1,QLD,F,No,OceanView_Mid,0.37,23/11/2023,1500,28/6/2023,1499.63,1000
217,895,-148,892,5,1,Ship1,VIC,M,No,Interior_Aft,0.06,23/11/2023,550,28/6/2023,549.94,1000
218,898,-147,895,3,1,Ship1,QLD,M,No,Suites_Bow,0.13,23/11/2023,1100,29/6/2023,1099.87,1000
218,898,-147,895,4,1,Ship1,QLD,M,Yes,Balcony_Bow,0.28,23/11/2023,750,29/6/2023,749.72,1000
218,898,-147,895,5,1,Ship1,ACT,M,No,Balcony_Aft,0.25,23/11/2023,700,29/6/2023,699.75,1000
219,901,-146,898,3,1,Ship1,SA,M,Yes,Suites_Bow,0.22,23/11/2023,1100,30/6/2023,1099.78,1000
219,901,-146,898,4,1,Ship1,TAS,F,No,Interior_Mid,0.13,23/11/2023,500,30/6/2023,499.87,1000
219,901,-146,898,5,1,Ship1,VIC,M,Yes,Balcony_Mid,0.15,23/11/2023,650,30/6/2023,649.85,1000
220,904,-145,901,3,1,Ship1,SA,M,No,Balcony_Mid,0.03,23/11/2023,650,1/7/2023,649.97,1000
220,904,-145,901,4,1,Ship1,SA,F,No,Interior_Mid,0.37,23/11/2023,500,1/7/2023,499.63,1000
220,904,-145,901,5,1,Ship1,ACT,M,Yes,Balcony_Bow,0.19,23/11/2023,750,1/7/2023,749.81,1000
221,906,-144,904,2,1,Ship1,NT,F,No,OceanView_Aft,0.2,23/11/2023,1800,2/7/2023,1799.8,1000
221,906,-144,904,3,1,Ship1,NT,F,No,MiniSuites_Mid,0.1,23/11/2023,2500,2/7/2023,2499.9,1000
222,909,-143,906,3,1,Ship1,QLD,F,Yes,Interior_Bow,0.22,23/11/2023,600,3/7/2023,599.78,1000
222,909,-143,906,4,1,Ship1,QLD,M,No,Interior_Mid,0.29,23/11/2023,500,3/7/2023,499.71,1000
222,909,-143,906,5,1,Ship1,NSW,M,Yes,Suites_Aft,0.01,23/11/2023,1000,3/7/2023,999.99,1000
223,912,-142,909,3,1,Ship1,NT,F,No,Interior_Bow,0.07,23/11/2023,600,4/7/2023,599.93,1000
223,912,-142,909,4,1,Ship1,QLD,M,No,PenthouseSuites_Aft,0.12,23/11/2023,3500,4/7/2023,3499.88,1000
223,912,-142,909,5,1,Ship1,WA,F,No,Balcony_Mid,0.35,23/11/2023,650,4/7/2023,649.65,1000
224,914,-141,912,2,1,Ship1,NSW,M,No,Suites_Aft,0.07,23/11/2023,1000,5/7/2023,999.93,1000
224,914,-141,912,3,1,Ship1,NT,M,Yes,Interior_Bow,0.2,23/11/2023,600,5/7/2023,599.8,1000
225,917,-140,914,3,1,Ship1,QLD,M,No,OceanView_Mid,0.15,23/11/2023,1500,6/7/2023,1499.85,1000
225,917,-140,914,4,1,Ship1,NSW,F,No,Suites_Bow,0.39,23/11/2023,1100,6/7/2023,1099.61,1000
225,917,-140,914,5,1,Ship1,SA,M,No,Interior_Mid,0.33,23/11/2023,500,6/7/2023,499.67,1000
226,919,-139,917,2,1,Ship1,TAS,F,No,Interior_Aft,0.24,23/11/2023,550,7/7/2023,549.76,1000
226,919,-139,917,3,1,Ship1,SA,M,No,Interior_Mid,0.34,23/11/2023,500,7/7/2023,499.66,1000
227,922,-138,919,3,1,Ship1,NSW,M,No,Interior_Aft,0.16,23/11/2023,550,8/7/2023,549.84,1000
227,922,-138,919,4,1,Ship1,NSW,F,No,MiniSuites_Mid,0.27,23/11/2023,2500,8/7/2023,2499.73,1000
227,922,-138,919,5,1,Ship1,ACT,M,No,Balcony_Aft,0.38,23/11/2023,700,8/7/2023,699.62,1000
228,924,-137,922,2,1,Ship1,QLD,F,No,OceanView_Mid,0.02,23/11/2023,1500,9/7/2023,1499.98,1000
228,924,-137,922,3,1,Ship1,NT,M,No,Balcony_Bow,0.23,23/11/2023,750,9/7/2023,749.77,1000
229,926,-136,924,2,1,Ship1,NSW,F,No,OceanView_Mid,0.25,23/11/2023,1500,10/7/2023,1499.75,1000
229,926,-136,924,3,1,Ship1,NSW,F,Yes,Suites_Mid,0.21,23/11/2023,900,10/7/2023,899.79,1000
230,929,-135,926,3,1,Ship1,ACT,M,No,Interior_Bow,0.32,23/11/2023,600,11/7/2023,599.68,1000
230,929,-135,926,4,1,Ship1,TAS,F,No,MiniSuites_Aft,0.19,23/11/2023,2600,11/7/2023,2599.81,1000
230,929,-135,926,5,1,Ship1,VIC,M,No,Interior_Bow,0.19,23/11/2023,600,11/7/2023,599.81,1000
231,931,-134,929,2,1,Ship1,NSW,M,No,MiniSuites_Aft,0.29,23/11/2023,2600,12/7/2023,2599.71,1000
231,931,-134,929,3,1,Ship1,TAS,M,Yes,Balcony_Mid,0.29,23/11/2023,650,12/7/2023,649.71,1000
232,933,-133,931,2,1,Ship1,NSW,M,No,Interior_Mid,0.24,23/11/2023,500,13/7/2023,499.76,1000
232,933,-133,931,3,1,Ship1,ACT,M,No,OceanView_Aft,0.12,23/11/2023,1800,13/7/2023,1799.88,1000
233,935,-132,933,2,1,Ship1,WA,F,Yes,Balcony_Mid,0.19,23/11/2023,650,14/7/2023,649.81,1000
233,935,-132,933,3,1,Ship1,NSW,F,No,Balcony_Bow,0.22,23/11/2023,750,14/7/2023,749.78,1000
234,937,-131,935,2,1,Ship1,VIC,M,Yes,Balcony_Mid,0.38,23/11/2023,650,15/7/2023,649.62,1000
234,937,-131,935,3,1,Ship1,TAS,M,Yes,OceanView_Mid,0.35,23/11/2023,1500,15/7/2023,1499.65,1000
235,939,-130,937,2,1,Ship1,ACT,F,No,OceanView_Bow,0.33,23/11/2023,2100,16/7/2023,2099.67,1000
235,939,-130,937,3,1,Ship1,VIC,M,No,Interior_Aft,0.33,23/11/2023,550,16/7/2023,549.67,1000
236,941,-129,939,2,1,Ship1,TAS,M,Yes,MiniSuites_Mid,0.3,23/11/2023,2500,17/7/2023,2499.7,1000
236,941,-129,939,3,1,Ship1,QLD,M,Yes,Balcony_Mid,0,23/11/2023,650,17/7/2023,650,1000
237,943,-128,941,2,1,Ship1,ACT,F,No,OceanView_Aft,0.19,23/11/2023,1800,18/7/2023,1799.81,1000
237,943,-128,941,3,1,Ship1,ACT,M,No,Balcony_Aft,0.38,23/11/2023,700,18/7/2023,699.62,1000
238,944,-127,943,1,1,Ship1,TAS,F,No,OceanView_Mid,0.06,23/11/2023,1500,19/7/2023,1499.94,1000
239,946,-126,944,2,1,Ship1,NSW,M,No,OceanView_Aft,0.04,23/11/2023,1800,20/7/2023,1799.96,1000
239,946,-126,944,3,1,Ship1,TAS,M,No,Interior_Mid,0.29,23/11/2023,500,20/7/2023,499.71,1000
240,948,-125,946,2,1,Ship1,QLD,M,No,MiniSuites_Bow,0.06,23/11/2023,2700,21/7/2023,2699.94,1000
240,948,-125,946,3,1,Ship1,SA,M,No,OceanView_Bow,0.12,23/11/2023,2100,21/7/2023,2099.88,1000
241,949,-124,948,1,1,Ship1,ACT,M,No,OceanView_Aft,0.39,23/11/2023,1800,22/7/2023,1799.61,1000
242,951,-123,949,2,1,Ship1,NT,F,Yes,Suites_Bow,0.34,23/11/2023,1100,23/7/2023,1099.66,1000
242,951,-123,949,3,1,Ship1,NSW,M,No,Balcony_Bow,0.31,23/11/2023,750,23/7/2023,749.69,1000
243,952,-122,951,1,1,Ship1,VIC,M,No,MiniSuites_Aft,0.25,23/11/2023,2600,24/7/2023,2599.75,1000
244,954,-121,952,2,1,Ship1,QLD,F,No,Balcony_Mid,0.15,23/11/2023,650,25/7/2023,649.85,1000
244,954,-121,952,3,1,Ship1,WA,M,No,Interior_Aft,0.15,23/11/2023,550,25/7/2023,549.85,1000
245,955,-120,954,1,1,Ship1,VIC,M,No,MiniSuites_Bow,0.39,23/11/2023,2700,26/7/2023,2699.61,1000
246,957,-119,955,2,1,Ship1,TAS,M,No,Balcony_Aft,0.1,23/11/2023,700,27/7/2023,699.9,1000
246,957,-119,955,3,1,Ship1,VIC,F,Yes,Balcony_Bow,0.14,23/11/2023,750,27/7/2023,749.86,1000
247,958,-118,957,1,1,Ship1,TAS,F,No,OceanView_Aft,0.14,23/11/2023,1800,28/7/2023,1799.86,1000
248,959,-117,958,1,1,Ship1,QLD,M,Yes,OceanView_Mid,0.01,23/11/2023,1500,29/7/2023,1499.99,1000
249,961,-116,959,2,1,Ship1,NSW,F,Yes,MiniSuites_Aft,0.26,23/11/2023,2600,30/7/2023,2599.74,1000
249,961,-116,959,3,1,Ship1,NT,F,Yes,MiniSuites_Aft,0.01,23/11/2023,2600,30/7/2023,2599.99,1000
250,962,-115,961,1,1,Ship1,VIC,M,Yes,Suites_Aft,0.08,23/11/2023,1000,31/7/2023,999.92,1000